,Name,NormScore,Return,Starts,Active Starts,% Active, Expected Pts ,Ranker
110,Nathan Tella,21.5,0,0,0,0,#DIV/0!,
111,George Hirst,20.25,0,0,0,0,#DIV/0!,
112,Dennis Srbeny,20.24,0,0,0,0,#DIV/0!,
113,Connor Wickham,18.3,0,0,0,0,#DIV/0!,
114,Joao Pedro,17.58,0,0,0,0,#DIV/0!,
115,Bruno Jordao,17.5,0,0,0,0,#DIV/0!,
116,Nathan Holland,17.12,0,0,0,0,#DIV/0!,
117,Patrick Roberts,16.35,0,0,0,0,#DIV/0!,
118,Gedson Fernandes,15.91,0,0,0,0,#DIV/0!,
119,Odion Ighalo,14.65,0,0,0,0,#DIV/0!,
120,Sam Surridge,14.45,0,0,0,0,#DIV/0!,
121,Ignacio Pussetto,14.39,0,0,0,0,#DIV/0!,
122,Harvey Elliott,13.72,0,0,0,0,#DIV/0!,
123,Wayne Hennessey,13.58,0,3,0,0,#DIV/0!,
125,Jordan Ibe,13.4,0,0,0,0,#DIV/0!,
126,Eric Bailly,12.81,0,1,0,0,#DIV/0!,
127,Ralf Fahrmann,12.7,0,1,0,0,#DIV/0!,
128,Tommy Doyle,12.5,0,0,0,0,#DIV/0!,
129,Angel Gomes,12.5,0,0,0,0,#DIV/0!,
130,Ki Sung-Yueng,12.5,0,1,0,0,#DIV/0!,
131,Domingos Quina,12.5,0,0,0,0,#DIV/0!,
132,Morgan Gibbs-White,12.5,0,1,0,0,#DIV/0!,
133,Chicharito,12.38,0,1,0,0,#DIV/0!,
134,Josh Martin,12.14,0,0,0,0,#DIV/0!,
135,Dimitri Foulquier,12.12,0,1,0,0,#DIV/0!,
136,Phil Jagielka,11.88,0,2,0,0,#DIV/0!,
137,Brandon Pierrick,11.8,0,0,0,0,#DIV/0!,
138,Leighton Baines,11.51,0,4,0,0,#DIV/0!,
139,Emile Smith Rowe,11.5,0,1,0,0,#DIV/0!,
140,Ben Osborn,11.5,0,6,0,0,#DIV/0!,
141,Diogo Dalot,11.48,0,1,0,0,#DIV/0!,
142,Oliver Skipp,11.07,0,1,0,0,#DIV/0!,
143,Nathaniel Chalobah,10.84,0,10,0,0,#DIV/0!,
144,Carlos Sanchez,10.7,0,1,0,0,#DIV/0!,
145,Mario Vrancic,10.68,0,6,0,0,#DIV/0!,
146,Callum Robinson,10.58,0,9,0,0,#DIV/0!,
147,Victor Wanyama,10.5,0,0,0,0,#DIV/0!,
148,Luke Freeman,10.48,0,3,0,0,#DIV/0!,
149,Tom Trybull,10.23,0,14,0,0,#DIV/0!,
150,Isaac Success Ajayi,10.23,0,0,0,0,#DIV/0!,
151,Gaetan Bong,10.21,0,0,0,0,#DIV/0!,
152,Chris Mepham,10.2,0,10,0,0,#DIV/0!,
153,Alexis Mac Allister,10.18,0,4,0,0,#DIV/0!,
154,Lukas Rupp,10.02,0,8,0,0,#DIV/0!,
155,Tyrick Mitchell,10,0,2,0,0,#DIV/0!,
156,Jarrad Branthwaite,9.99,0,2,0,0,#DIV/0!,
157,Akin Famewo,9.95,0,0,0,0,#DIV/0!,
158,Jordan Thomas,9.95,0,0,0,0,#DIV/0!,
159,Sam Byram,9.91,0,15,0,0,#DIV/0!,
160,Ibrahim Amadou,9.75,0,8,0,0,#DIV/0!,
161,Michael McGovern,9.75,0,1,0,0,#DIV/0!,
162,Danny Drinkwater,9.67,0,5,0,0,#DIV/0!,
163,Bjorn Engels,9.64,0,15,0,0,#DIV/0!,
164,Max Meyer,9.6,0,6,0,0,#DIV/0!,
165,Matthew Longstaff,9.59,0,6,0,0,#DIV/0!,
166,Aaron Lennon,9.57,0,4,0,0,#DIV/0!,
167,Danny Welbeck,9.56,0,8,0,0,#DIV/0!,
168,Henri Lansbury,9.54,0,2,0,0,#DIV/0!,
169,Yoshinori Muto,9.46,0,2,0,0,#DIV/0!,
170,Jack Robinson,9.45,0,6,0,0,#DIV/0!,
171,Leroy Sane,9.4,0,0,0,0,#DIV/0!,
172,Maximilian Kilman,9.4,0,2,0,0,#DIV/0!,
173,Henrikh Mkhitaryan,9.33,0,1,0,0,#DIV/0!,
174,Ryan Bennett,9.33,0,10,0,0,#DIV/0!,
175,Kieron Freeman,9.32,0,0,0,0,#DIV/0!,
176,Troy Parrott,9.32,0,0,0,0,#DIV/0!,
177,Kortney Hause,9.31,0,17,0,0,#DIV/0!,
178,Jamaal Lascelles,9.21,0,24,0,0,#DIV/0!,
179,Max Thompson,9.15,0,0,0,0,#DIV/0!,
180,Georges-Kevin Nkoudou,9.15,0,0,0,0,#DIV/0!,
181,Tahith Chong,9.12,0,0,0,0,#DIV/0!,
182,Grant Hanley,9.11,0,14,0,0,#DIV/0!,
183,Jean-Philippe Gbamin,9.07,0,1,0,0,#DIV/0!,
184,Deandre Yedlin,9.07,0,10,0,0,#DIV/0!,
185,Orjan Nyland,9.01,0,5,0,0,#DIV/0!,
186,Faustino Anjorin,9,0,0,0,0,#DIV/0!,
187,Jeremu Ngakia,8.92,0,5,0,0,#DIV/0!,
188,Christoph Zimmerman,8.88,0,16,0,0,#DIV/0!,
189,Moritz Leitner,8.87,0,7,0,0,#DIV/0!,
190,Adam Idah,8.81,0,1,0,0,#DIV/0!,
191,Richairo Zivkovic,8.79,0,0,0,0,#DIV/0!,
192,Victor Camarasa,8.7,0,0,0,0,#DIV/0!,
193,Matty James,8.7,0,0,0,0,#DIV/0!,
194,Craig Cathcart,8.69,0,28,0,0,#DIV/0!,
195,Josh Bronwhill,8.68,0,9,0,0,#DIV/0!,
196,Axel Tuanzebe,8.63,0,2,0,0,#DIV/0!,
197,Andre Gomes,8.52,0,17,0,0,#DIV/0!,
198,Darren Randolph,8.5,0,2,0,0,#DIV/0!,
199,Borja Baston,8.45,0,0,0,0,#DIV/0!,
200,Jack Cork,8.44,0,30,0,0,#DIV/0!,
201,Pablo Zabaleta,8.42,0,6,0,0,#DIV/0!,
202,Max Aarons,8.34,0,36,0,0,#DIV/0!,
203,Jack Stacey,8.31,0,17,0,0,#DIV/0!,
204,Jonathan Kodjia,8.27,0,0,0,0,#DIV/0!,
205,Mbwana Samatta,8.06,0,11,0,0,#DIV/0!,
206,Kelland Watts,8,0,0,0,0,#DIV/0!,
207,Jack Rodwell,8,0,0,0,0,#DIV/0!,
208,Ezequiel Schelotto,7.89,0,4,0,0,#DIV/0!,
209,Maya Yoshida,7.86,0,6,0,0,#DIV/0!,
210,Neil Taylor,7.85,0,11,0,0,#DIV/0!,
211,Ben Johnson,7.82,0,3,0,0,#DIV/0!,
212,Rob Holding,7.8,0,6,0,0,#DIV/0!,
213,Marco Stiepermann,7.63,0,14,0,0,#DIV/0!,
214,Leon Clarke,7.58,0,0,0,0,#DIV/0!,
215,Jack Simpson,7.56,0,1,0,0,#DIV/0!,
216,Albian Ajeti,7.51,0,0,0,0,#DIV/0!,
217,Jed Steer,7.5,0,1,0,0,#DIV/0!,
218,James Garner,7.5,0,0,0,0,#DIV/0!,
219,Indiana Vassilev,7.42,0,0,0,0,#DIV/0!,
220,Andrew Surman,7.38,0,2,0,0,#DIV/0!,
221,Oumar Niasse,7.2,0,0,0,0,#DIV/0!,
222,Simon Moore,7,0,2,0,0,#DIV/0!,
223,Ben Godfrey,6.91,0,30,0,0,#DIV/0!,
224,Lloyd Kelly,6.87,0,7,0,0,#DIV/0!,
225,Mamadou Sakho,6.63,0,11,0,0,#DIV/0!,
226,Timm Klose,6.51,0,7,0,0,#DIV/0!,
227,Sebastian Prodl,6.5,0,1,0,0,#DIV/0!,
228,Jack Wilshere,6.26,0,2,0,0,#DIV/0!,
229,Adrian Mariappa,6.2,0,15,0,0,#DIV/0!,
230,Armando Broja,6,0,0,0,0,#DIV/0!,
231,Jake Vokins,5.7,0,1,0,0,#DIV/0!,
232,Jesus Vallejo,5.62,0,1,0,0,#DIV/0!,
233,Ravel Morrison,5.25,0,0,0,0,#DIV/0!,
234,Jurgan Locadia,4.92,0,1,0,0,#DIV/0!,
235,Charlie Daniels,4.92,0,2,0,0,#DIV/0!,
236,Marcos Rojo,4.82,0,1,0,0,#DIV/0!,
1,Kevin De Bruyne,23.23,281.55,32,32,100,20.8,20.7984375
5,Riyad Mahrez,19.13,121.95,21,21,100,17.81,17.80714286
3,Sadio Mane,17.29,138.2,31,31,100,16.46,16.45806452
2,Trent Alexander-Arnold,16.38,148.5,35,35,100,16.24,16.24285714
4,Adama Traore,17.91,133.6,27,25,92.59,16.06,16.05925926
9,Gabriel Jesus,18.36,84.85,21,21,100,16.04,16.04047619
6,Willian,16.82,116.95,29,29,100,16.03,16.03275862
7,Mohamed Salah,16,116.7,33,33,100,15.54,15.53636364
12,David Silva,16.14,77,22,22,100,15.5,15.5
11,Ricardo Pereira,15.19,80.55,28,27,96.43,14.45,14.44821429
10,Son Heung-Min,15.76,84.7,28,26,92.86,14.17,14.16785714
24,Bernardo Silva,15.66,48.4,23,23,100,14.1,14.10434783
15,Andrew Robertson,14.55,69.8,34,34,100,14.05,14.05294118
14,Marcus Rashford,16.18,70.5,31,30,96.77,13.89,13.88709677
13,Danny Ings,15.24,75.1,32,30,93.75,13.6,13.596875
18,Michail Antonio,17.12,61.3,19,16,84.21,13.33,13.33157895
21,Allan Saint-Maximin,17.01,52.15,23,21,91.3,13.22,13.22391304
25,Sergio Aguero,16.49,46.7,18,17,94.44,13.93,13.19473684
17,Marcos Alonso,16.31,64.25,15,15,100,16.28,12.85526316
23,Serge Aurier,13.94,48.9,31,29,93.55,12.8,12.80322581
2,Bruno Fernandes,21.38,97.5,14,12,85.71,17.25,12.71052632
16,Raheem Sterling,16.77,68.9,30,26,86.67,12.7,12.69666667
42,Jordan Henderson,14.12,24.45,26,25,96.15,12.48,12.47884615
39,Christian Pulisic,17.04,27.6,19,17,89.47,12.19,12.18947368
26,Raul Jimenez,13.8,46.1,37,33,89.19,11.95,11.94864865
47,Hugo Lloris,13.75,22,21,19,90.48,11.91,11.9047619
19,Matt Doherty,14.64,53.8,32,27,84.38,11.81,11.80625
31,Anthony Martial,14.57,38.2,31,27,87.1,11.68,11.68387097
30,Harry Kane,13.82,38.75,29,25,86.21,11.68,11.68103448
43,Cesar Azpilicueta,12.96,22.85,36,33,91.67,11.64,11.63472222
66,Harvey Barnes,15.43,10.8,24,22,91.67,11.45,11.45
32,Nicolas Pepe,14.08,34.8,22,18,81.82,11.4,11.4
38,James Maddison,14.18,30.5,29,25,86.21,11.4,11.39655172
63,Felipe Anderson,15.73,11.15,20,18,90,11.36,11.3575
276,Roberto Firmino,14.33,-5,34,32,94.12,11.15,11.14705882
22,Lucas Digne,13.46,49.25,35,28,80,11.01,11.00714286
29,Dele Alli,13.69,39,21,16,76.19,11,11
443,Kyle Walker,12.1,-21.2,28,27,96.43,10.81,10.81428571
260,Mateo Kovacic,13.28,-3.5,23,21,91.3,10.8,10.80434783
48,Wilfred Ndidi,13.24,21.5,29,24,82.76,10.67,10.67241379
52,Willy Boly,13.67,18.75,22,18,81.82,10.67,10.67045455
28,Emiliano Buendia,15.12,43.65,28,21,75,10.56,10.55892857
239,Tammy Abraham,13.59,-1.05,25,22,88,10.52,10.518
270,Benjamin Mendy,12.69,-4.3,18,17,94.44,11.09,10.51052632
87,Ayoze Perez,14.22,4.2,26,22,84.62,10.32,10.31538462
280,Virgil van Dijk,11.91,-5.5,38,33,86.84,10.28,10.27631579
33,Jamie Vardy,14.85,34.05,34,26,76.47,10.18,10.17794118
27,Aaron Wan-Bissaka,13.3,43.7,34,25,73.53,10.11,10.10882353
56,Joseph Gomez,11.62,17.35,22,17,77.27,10.06,10.06136364
44,Reece James,12.9,22.7,16,14,87.5,11.92,10.03684211
282,Jorginho,13.12,-5.55,27,23,85.19,10.02,10.01666667
418,Nicolas Otamendi,11.85,-17.9,18,17,94.44,10.34,9.794736842
435,Rodri,11.43,-20.25,29,25,86.21,9.65,9.646551724
60,Joao Moutinho,13.36,14.4,34,26,76.47,9.6,9.6
40,Joao Cancelo,13.54,26.25,13,13,100,14.02,9.592105263
319,Fabinho,10.95,-8.85,22,18,81.82,9.42,9.415909091
64,Pierre-Emerick Aubameyang,13.51,11.15,35,26,74.29,9.23,9.232857143
393,Fred,12.2,-16.05,23,19,82.61,9.22,9.215217391
253,Alisson,11.05,-2.75,29,22,75.86,9.01,9.00862069
83,Bernd Leno,12.73,6,30,22,73.33,9,9
320,Dani Ceballos,12.26,-9.05,18,15,83.33,9.5,8.997368421
448,Ederson,10.89,-22,35,28,80,8.97,8.971428571
411,Mason Mount,11.91,-17.45,32,25,78.12,8.83,8.8296875
344,Alexandre Lacazette,16.67,-11.65,22,17,77.27,8.74,8.743181818
50,Mason Greenwood,14.26,20.1,12,12,100,13.68,8.636842105
463,Ilkay Gundogan,11.05,-24.05,21,17,80.95,8.57,8.569047619
20,Jack Grealish,13.13,52.5,36,21,58.33,8.46,8.458333333
404,Lucas Moura,13.74,-16.95,25,19,76,8.44,8.442
458,Jay Rodriguez,11.99,-23.7,20,16,80,8.42,8.415
97,Oleksandr Zinchenko,12.97,2.45,13,13,100,12.19,8.339473684
330,Aymeric Laporte,13.19,-10.5,14,14,100,11.25,8.289473684
61,Richarlison,13.45,14.1,36,23,63.89,8.06,8.058333333
272,Paul Pogba,14.39,-4.6,13,13,100,11.65,7.968421053
444,Youri Tielemans,11.85,-21.2,32,23,71.88,7.96,7.9625
37,Djibril Sidibe,12.7,30.65,18,10,55.56,8.37,7.928947368
49,Martin Dubravka,12.8,21,38,23,60.53,7.82,7.815789474
486,Alex Oxlade-Chamberlain,13.62,-31.8,17,15,88.24,8.72,7.8
58,Jarrod Bowen,15.05,15.65,11,11,100,13.42,7.771052632
377,Scott McTominay,13.02,-14.55,20,14,70,7.67,7.6725
395,Ngolo Kante,12.43,-16.2,20,14,70,7.59,7.59
364,Ben Chilwell,12.49,-13.3,27,18,66.67,7.51,7.507407407
51,Stuart Armstrong,11.98,19.85,19,10,52.63,7.36,7.360526316
438,Kurt Zouma,10.15,-20.75,25,17,68,7.33,7.33
62,Dwight McNeil,12.64,11.55,38,22,57.89,7.25,7.251315789
488,Oliver McBurnie,13.52,-32,24,17,70.83,7.17,7.166666667
103,Robert Snodgrass,13.18,1.75,17,11,64.71,7.87,7.039473684
41,Naby Keita,16.69,25.2,9,9,100,14.8,7.010526316
495,Kasper Schmeichel,11.4,-33.75,38,25,65.79,7.01,7.006578947
265,Diego Rico,12.94,-3.95,27,16,59.26,6.96,6.964814815
80,John McGinn,12.69,6.7,27,15,55.56,6.92,6.914814815
360,Conor Hourihane,13.14,-13,18,12,66.67,7.28,6.894736842
248,Ross Barkley,13.74,-1.9,13,11,84.62,10.01,6.847368421
46,Phil Foden,15.94,22.1,9,9,100,14.46,6.847368421
54,Ismaila Sarr,11.43,17.55,22,11,50,6.8,6.797727273
55,James Ward-Prowse,12.41,17.5,38,20,52.63,6.78,6.776315789
82,Olivier Giroud,14.79,6.2,12,10,83.33,10.52,6.642105263
459,Leandro Trossard,13.46,-23.7,22,14,63.64,6.56,6.559090909
75,Diogo Jota,13.04,8,27,14,51.85,6.52,6.518518519
35,James Tarkowski,12.69,31.5,38,18,47.37,6.51,6.513157895
365,Charlie Taylor,12.29,-13.65,22,13,59.09,6.47,6.470454545
102,Dominic Calvert-Lewin,11.24,2.05,30,16,53.33,6.47,6.468333333
374,Sebastien Haller,12.66,-14.25,24,14,58.33,6.41,6.40625
315,Gerard Deulofeu,13.51,-8.7,25,14,56,6.37,6.372
501,Gylfi Sigurdsson,12.96,-37.85,28,18,64.29,6.36,6.3625
345,Nemanja Matic,12.16,-11.65,18,11,61.11,6.69,6.334210526
467,Bernard,13.98,-24.55,15,12,80,7.96,6.286842105
67,Nick Pope,13.34,10.75,38,19,50,6.28,6.282894737
59,Vicente Guaita,12.11,15.25,35,17,48.57,6.26,6.264285714
252,Enda Stevens,12.44,-2.5,38,20,52.63,6.25,6.25
301,Luke Shaw,11.46,-7.15,20,11,55,6.24,6.2425
53,Pierre-Emile Hojbjerg,12.32,18.7,30,14,46.67,6.22,6.223333333
503,Paulo Gazzaniga,11.06,-38,17,13,76.47,6.94,6.210526316
397,Andros Townsend,14.63,-16.3,14,11,78.57,8.26,6.089473684
34,Jonny,12.19,32.7,33,14,42.42,6.08,6.081818182
452,Troy Deeney,12.34,-22.35,26,15,57.69,6.06,6.063461538
339,Harry Maguire,11.42,-11.05,38,20,52.63,6.02,6.025
341,Anwar El Ghazi,13.77,-11.4,26,14,53.85,6.02,6.023076923
485,Alex Iwobi,12.6,-30.3,19,12,63.16,5.98,5.984210526
71,Dean Henderson,11.92,8.75,36,17,47.22,5.91,5.909722222
333,Matt Targett,11.55,-10.65,27,14,51.85,5.83,5.827777778
36,John Fleck,11.94,30.7,28,11,39.29,5.81,5.810714286
321,Caglar Soyuncu,10.92,-9.15,34,17,50,5.73,5.730882353
378,Jonjo Shelvey,12.98,-14.65,25,13,52,5.65,5.654
70,Declan Rice,12.28,9.2,38,17,44.74,5.61,5.610526316
68,Emiliano Martinez,13.67,9.5,8,8,100,13.19,5.552631579
477,Shane Long,12.51,-26.5,15,11,73.33,7.03,5.552631579
421,Jonny Evans,10.59,-18.5,38,19,50,5.51,5.513157895
436,Philip Billing,12.14,-20.35,29,15,51.72,5.5,5.505172414
515,Georginio Wijnaldum,9.66,-84.65,35,23,65.71,5.47,5.467142857
269,James Justin,11.71,-4.25,11,9,81.82,9.43,5.460526316
484,Seamus Coleman,11.13,-29.9,21,12,57.14,5.43,5.433333333
79,Joel Matip,13.13,7.05,8,8,100,12.88,5.423684211
453,Aaron Mooy,11.98,-22.6,25,13,52,5.34,5.336
487,Tanguy Ndombele,14.64,-31.9,12,11,91.67,8.34,5.268421053
45,Nathan Redmond,11.74,22.3,32,12,37.5,5.2,5.196875
451,Yves Bissouma,13.52,-22.1,15,10,66.67,6.53,5.152631579
57,Patrick van Aanholt,11.69,17.15,29,11,37.93,5.14,5.143103448
336,Fabian Schar,12.8,-10.9,18,9,50,5.39,5.110526316
309,Wilfried Zaha,11.38,-8.05,37,16,43.24,4.97,4.971621622
514,Fernandinho,8.35,-76,26,17,65.38,4.92,4.923076923
478,Fikayo Tomori,10.53,-26.6,15,10,66.67,6.23,4.915789474
388,Giovani Lo Celso,11.98,-15.8,15,9,60,6.15,4.852631579
507,Kelechi Iheanacho,16.05,-40.5,12,11,91.67,7.63,4.815789474
78,Callum Hudson-Odoi,15.28,7.3,7,7,100,13.04,4.805263158
446,David de Gea,10.82,-21.75,38,17,44.74,4.8,4.796052632
278,Andriy Yarmolenko,13.39,-5.15,10,8,80,9.09,4.781578947
81,Pedro,16.6,6.6,8,7,87.5,11.33,4.768421053
490,Daniel James,10.54,-32.3,26,13,50,4.76,4.757692308
359,Trezeguet,12.73,-12.9,20,9,45,4.76,4.755
416,Marc Albrighton,15.05,-17.85,9,9,100,10.02,4.744736842
368,Adam Masina,10.44,-13.95,20,9,45,4.7,4.7025
454,Romain Saiss,10.92,-22.95,31,14,45.16,4.68,4.679032258
304,Jetro Willems,11.99,-7.3,18,8,44.44,4.93,4.668421053
447,Joshua King,12.56,-21.75,24,11,45.83,4.59,4.59375
322,Christian Eriksen,13.19,-9.25,10,8,80,8.68,4.565789474
492,Ruben Neves,11.65,-32.8,35,16,45.71,4.55,4.548571429
340,James Milner,11.02,-11.15,9,8,88.89,9.43,4.465789474
100,Frederic Guilbert,12.52,2.2,22,8,36.36,4.46,4.463636364
237,Brandon Williams,12.75,-0.35,11,7,63.64,7.6,4.402631579
469,Kieran Tierney,12.57,-24.9,12,9,75,6.93,4.373684211
472,Andreas Pereira,11.22,-25.45,18,9,50,4.59,4.344736842
389,Pablo Fornals,12.06,-15.9,24,10,41.67,4.34,4.3375
258,Chris Basham,12.22,-3.35,38,14,36.84,4.33,4.332894737
247,Tomas Soucek,12.52,-1.7,12,7,58.33,6.86,4.331578947
512,Pascal Gross,12.08,-49.55,22,12,54.55,4.29,4.293181818
479,Erik Lamela,13.54,-26.9,12,9,75,6.76,4.268421053
72,Lys Mousset,13.23,8.75,11,6,54.55,7.34,4.25
399,Pedro Neto,14.25,-16.55,9,8,88.89,8.83,4.181578947
513,Harry Wilson,12.51,-72.45,20,13,65,4.18,4.1775
401,Dennis Praet,12.44,-16.75,12,8,66.67,6.6,4.171052632
402,Matteo Guendouzi,9.2,-16.85,19,8,42.11,4.17,4.165789474
482,Theo Walcott,12.42,-28.9,17,9,52.94,4.65,4.163157895
298,Divock Origi,14.48,-6.95,7,7,100,11.01,4.055263158
250,Mat Ryan,11.25,-2.25,38,13,34.21,4.05,4.046052632
381,Francisco Femenia Far,10.05,-14.95,26,10,38.46,4.04,4.040384615
305,Eric Garcia,11.89,-7.3,8,7,87.5,9.59,4.036842105
396,Rui Patricio,10.92,-16.25,38,14,36.84,3.99,3.993421053
489,Oliver Norwood,11.79,-32.25,37,15,40.54,3.99,3.993243243
430,Miguel Almiron,11.08,-19.45,35,13,37.14,3.9,3.901428571
423,Christian Kabasele,10.24,-18.7,26,10,38.46,3.9,3.896153846
449,Onel Hernandez,13.53,-22,14,8,57.14,5.29,3.894736842
92,George Baldock,11.43,3.05,38,12,31.58,3.87,3.869736842
259,Phil Bardsley,11.79,-3.4,21,7,33.33,3.84,3.838095238
460,David McGoldrick,12.27,-23.75,22,9,40.91,3.83,3.829545455
409,Etienne Capoue,11.29,-17.3,30,11,36.67,3.82,3.823333333
84,Teemu Pukki,8.93,5.45,33,10,30.3,3.8,3.801515152
362,Ben Foster,11.23,-13.25,38,13,34.21,3.76,3.756578947
383,Alex McCarthy,11.47,-15.25,28,10,35.71,3.74,3.741071429
506,Michael Keane,10.29,-39.75,28,12,42.86,3.72,3.723214286
475,John Stones,8.28,-25.9,12,8,66.67,5.84,3.689473684
324,Todd Cantwell,11.5,-9.45,30,10,33.33,3.68,3.685
433,Ryan Fraser,10.74,-20.05,21,8,38.1,3.62,3.616666667
261,Roberto Jimenez,13.31,-3.5,7,6,85.71,9.79,3.605263158
287,Lukasz Fabianski,11.07,-6,25,8,32,3.6,3.6
392,Sofiane Boufal,15.62,-16,8,7,87.5,8.5,3.578947368
480,Adrian,10.34,-28,9,8,88.89,7.56,3.578947368
76,Matt Ritchie,11.65,7.95,14,5,35.71,4.85,3.576315789
481,Antonio Rudiger,9.78,-28.15,19,8,42.11,3.57,3.571052632
85,Callum Wilson,9.05,5.25,32,9,28.12,3.54,3.5390625
420,Abdoulaye Doucoure,11.16,-18.15,36,12,33.33,3.5,3.495833333
431,Tim Krul,11.61,-19.75,36,12,33.33,3.45,3.451388889
510,Harry Winks,9.84,-42.55,26,11,42.31,3.44,3.440384615
302,Kyle Walker-Peters,12.31,-7.15,10,6,60,6.49,3.413157895
373,Mason Holgate,10.37,-14.15,24,8,33.33,3.41,3.410416667
511,Sander Berge,12.78,-43.4,12,9,75,5.38,3.4
462,Jordan Ayew,10.85,-24,37,12,32.43,3.24,3.243243243
106,Ainsley Maitland-Niles,9.79,1.45,15,5,33.33,4.1,3.234210526
367,Aaron Ramsdale,11.53,-13.75,37,11,29.73,3.2,3.195945946
497,Jordan Pickford,10.06,-36.25,38,13,34.21,3.15,3.151315789
508,Yerry Mina,10.08,-41.3,25,10,40,3.15,3.148
281,Chris Wood,10.81,-5.5,29,8,27.59,3.12,3.120689655
471,Hector Bellerin,11.68,-25,13,7,53.85,4.54,3.105263158
65,Arthur Masuaku,12.29,10.9,10,4,40,5.89,3.1
240,Gabriel Martinelli,12.59,-1.3,6,5,83.33,9.78,3.089473684
496,John Egan,11.11,-34.1,36,12,33.33,3.05,3.052777778
504,Dan Gosling,11.75,-38.2,14,8,57.14,4.13,3.042105263
382,Bukayo Saka,11.12,-15.2,19,6,31.58,2.99,2.989473684
357,Moussa Sissoko,9.92,-12.75,28,8,28.57,2.97,2.973214286
264,Christian Fuchs,10.57,-3.95,8,5,62.5,7.01,2.95
238,Tom Heaton,11.14,-1,20,5,25,2.95,2.95
428,Craig Dawson,9.68,-19.35,26,8,30.77,2.95,2.948076923
403,Emerson,9.38,-16.9,13,6,46.15,4.24,2.9
107,Ryan Fredericks,10.75,0.5,25,6,24,2.9,2.9
405,Jan Vertonghen,10.26,-17.1,19,6,31.58,2.89,2.889473684
407,Manuel Lanzini,11.95,-17.25,14,6,42.86,3.91,2.881578947
417,Jeffrey Schlupp,12.21,-17.85,11,6,54.55,4.92,2.85
318,Victor Lindelof,8.77,-8.85,35,9,25.71,2.83,2.832857143
505,Kepa Arrizabalaga,8.24,-38.75,33,11,33.33,2.83,2.825757576
390,James McArthur,11.14,-15.95,37,10,27.03,2.81,2.812162162
292,Martin Kelly,10.46,-6.65,17,5,29.41,3.14,2.807894737
299,Javier Manquillo,11.56,-7.05,18,5,27.78,2.94,2.786842105
312,Ahmed El Mohamady,11.91,-8.35,11,5,45.45,4.69,2.718421053
491,Roberto Pereyra,11.04,-32.35,17,7,41.18,3.04,2.718421053
89,Che Adams,13.47,3.6,12,4,33.33,4.3,2.715789474
437,Lucas Torreira,11.54,-20.65,17,6,35.29,3.02,2.702631579
493,Luka Milivojevic,10.78,-33.25,28,9,32.14,2.67,2.669642857
494,Moussa Djenepo,14.29,-33.6,10,7,70,5.04,2.652631579
328,Dwight Gayle,11.82,-10.45,10,5,50,4.96,2.607894737
413,Erik Pieters,11.01,-17.65,21,6,28.57,2.59,2.588095238
498,Douglas Luiz,11.58,-36.3,28,9,32.14,2.56,2.560714286
124,Andy Carroll,13.55,0,4,4,100,12,2.526315789
499,Sead Kolasinac,9.88,-36.3,19,7,36.84,2.51,2.510526316
429,Andreas Christensen,8.69,-19.35,21,6,28.57,2.51,2.507142857
353,Juan Mata,10.97,-12.4,8,5,62.5,5.95,2.505263158
470,Cedric Soares,12.59,-24.9,19,6,31.58,2.48,2.478947368
473,Steven Bergwijn,12.56,-25.55,8,6,75,5.81,2.444736842
502,Dejan Lovren,9,-37.85,9,7,77.78,5.13,2.428947368
69,Ruben Vinagre,13.63,9.3,6,3,50,7.55,2.384210526
73,Luke Thomas,15.23,8.65,3,3,100,14.88,2.35
273,Federico Fernandez,10.1,-4.7,29,6,20.69,2.32,2.320689655
246,Oriol Romeu,11.74,-1.6,20,4,20,2.32,2.32
347,John Lundstram,11.99,-11.75,26,6,23.08,2.32,2.317307692
474,Lewis Dunk,10.58,-25.75,36,9,25,2.28,2.284722222
348,David Luiz,8.66,-11.9,32,7,21.88,2.25,2.253125
408,Eric Dier,10.07,-17.25,15,5,33.33,2.85,2.25
351,Mark Noble,10.36,-12.2,32,7,21.88,2.24,2.24375
414,Calum Chambers,11.54,-17.65,13,5,38.46,3.26,2.228947368
509,Joseph Willock,14.06,-41.7,8,7,87.5,5.29,2.226315789
286,Scott Dann,10.44,-5.95,14,4,28.57,3,2.213157895
422,James McCarthy,10.78,-18.55,16,5,31.25,2.59,2.181578947
251,Ben Mee,11.34,-2.4,32,6,18.75,2.18,2.175
88,Ashley Westwood,11,3.9,35,6,17.14,2.17,2.168571429
300,Angelino,11.82,-7.1,4,4,100,10.23,2.152631579
426,Reiss Nelson,13.33,-19.15,7,5,71.43,5.84,2.15
432,Hamza Choudhury,11.87,-19.9,10,5,50,4.01,2.110526316
410,Isaac Hayden,10.42,-17.3,26,6,23.08,2.1,2.103846154
74,Joel Ward,9.84,8.35,27,4,14.81,2.09,2.087037037
90,Daniel Podence,14.4,3.5,3,3,100,13.17,2.078947368
241,Jan Bednarek,10.04,-1.45,34,6,17.65,2.08,2.075
91,Moise Kean,13.01,3.35,6,3,50,6.56,2.071052632
314,Shkodran Mustafi,10.94,-8.65,13,4,30.77,3.03,2.071052632
450,Neal Maupay,10.08,-22,30,7,23.33,2.07,2.066666667
316,Mesut Ozil,9.98,-8.75,18,4,22.22,2.18,2.065789474
95,Daryl Janmaat,12.94,2.75,7,3,42.86,5.54,2.039473684
105,Solly March,11.63,1.7,11,3,27.27,3.43,1.984210526
334,Arnaut Danjuma Groeneveld,11.96,-10.65,6,4,66.67,6.23,1.965789474
343,Johann Gudmundsson,13.12,-11.55,6,4,66.67,6.08,1.918421053
468,Jefferson Lerma,10.33,-24.8,31,7,22.58,1.91,1.909677419
350,Conor Coady,8.19,-12.15,38,7,18.42,1.89,1.890789474
352,Christian Benteke,12.49,-12.3,13,4,30.77,2.75,1.878947368
323,Jack Stephens,9.83,-9.35,27,5,18.52,1.88,1.875925926
354,James Tomkins,9.27,-12.6,18,4,22.22,1.97,1.863157895
297,Nathan Ake,9.39,-6.95,29,5,17.24,1.83,1.829310345
369,Steven Alzate,12.12,-14,12,4,33.33,2.83,1.789473684
332,Dale Stephens,10.99,-10.6,28,5,17.86,1.76,1.764285714
380,Jannik Vestergaard,9.92,-14.8,17,4,23.53,1.95,1.747368421
384,Sokratis,9.02,-15.45,19,4,21.05,1.71,1.713157895
391,Ashley Young,10.08,-15.95,10,4,40,3.21,1.686842105
398,Bernardo,10.13,-16.3,7,4,57.14,4.53,1.668421053
293,Davy Propper,10.54,-6.75,32,5,15.62,1.66,1.6640625
294,Leander Dendoncker,9.61,-6.75,32,5,15.62,1.66,1.6640625
271,Neco Williams,15.94,-4.45,3,3,100,10.52,1.660526316
101,Martin Montoya,10.34,2.1,23,3,13.04,1.66,1.656521739
439,Aaron Cresswell,9.34,-20.75,31,6,19.35,1.65,1.653225806
483,Ben Davies,9.91,-29.4,16,5,31.25,1.91,1.610526316
329,Ryan Bertrand,9.49,-10.45,31,5,16.13,1.6,1.598387097
283,Anthony Gordon,15.04,-5.65,4,3,75,7.59,1.597368421
285,Wes Morgan,10.5,-5.9,4,3,75,7.53,1.584210526
289,Adam Lallana,12.5,-6.15,3,3,100,9.95,1.571052632
104,Jack OConnell,10.57,1.7,32,4,12.5,1.55,1.553125
291,Fabian Delph,10.18,-6.55,13,3,23.08,2.27,1.55
424,Christian Atsu,12.6,-18.85,6,4,66.67,4.86,1.534210526
427,Ashley Barnes,9.21,-19.15,17,4,23.53,1.7,1.518421053
394,Cheikhou Kouyate,10.53,-16.05,29,5,17.24,1.52,1.515517241
86,Sean Longstaff,11.33,4.45,14,2,14.29,2.03,1.497368421
385,Jeff Hendrick,9.13,-15.55,22,4,18.18,1.47,1.475
441,Will Hughes,10.74,-21.05,27,5,18.52,1.44,1.442592593
317,Ciaran Clark,10.25,-8.75,14,3,21.43,1.95,1.434210526
440,Marvelous Nakamba,10.66,-21,19,4,21.05,1.42,1.421052632
500,Toby Alderweireld,9.13,-37.2,33,7,21.21,1.42,1.418181818
313,Alexander Tettey,9.35,-8.6,28,4,14.29,1.41,1.407142857
419,Granit Xhaka,9.16,-17.9,30,5,16.67,1.4,1.403333333
445,Robbie Brady,17.2,-21.6,5,4,80,5.28,1.389473684
98,Morgan Schneiderlin,9.33,2.35,12,2,16.67,2.2,1.386842105
327,Steve Cook,7.88,-10.4,28,4,14.29,1.34,1.342857143
335,Shane Duffy,10.96,-10.8,12,3,25,2.1,1.326315789
337,Japhet Tanganga,11.78,-10.95,6,3,50,4.18,1.318421053
455,David Brooks,12.58,-23.25,8,4,50,3.09,1.302631579
346,Nampalys Mendy,13.94,-11.7,4,3,75,6.08,1.278947368
461,Jesse Lingard,11.05,-23.75,9,4,44.44,2.69,1.276315789
109,Pepe Reina,10.75,0.25,12,2,16.67,2.02,1.276315789
464,Aaron Connolly,8.99,-24.05,14,4,28.57,1.71,1.260526316
415,Adam Smith,8.59,-17.8,24,4,16.67,1.26,1.258333333
465,Dominic Solanke,10.59,-24.15,17,4,23.53,1.4,1.255263158
466,Matej Vydra,10.92,-24.2,7,4,57.14,3.4,1.252631579
476,Davinson Sanchez,8.74,-26.2,27,5,18.52,1.25,1.251851852
363,Willy Caballero,8.9,-13.25,5,3,60,4.55,1.197368421
244,Angus Gunn,10.02,-1.5,10,2,20,2.25,1.184210526
371,Junior Stanislas,14.49,-14,7,3,42.86,3.14,1.157894737
370,Michael Obafemi,15.14,-14,8,3,37.5,2.75,1.157894737
331,Dan Burn,10.57,-10.5,33,4,12.12,1.14,1.136363636
366,Danny Rose,8.87,-13.65,20,3,15,1.12,1.1175
254,Angelo Ogbonna,8.84,-2.8,31,3,9.68,1.07,1.070967742
262,Xherdan Shaqiri,13.61,-3.75,2,2,100,10.13,1.065789474
263,Demarai Gray,15.39,-3.9,3,2,66.67,6.7,1.057894737
266,Matthew Lowton,10.81,-4,17,2,11.76,1.18,1.052631579
77,Florian Lejeune,17.04,7.85,4,1,25,4.96,1.044736842
406,Kenny McLean,9.98,-17.1,32,4,12.5,0.97,0.965625
290,Claudio Bravo,10.12,-6.25,3,2,66.67,5.92,0.934210526
296,Billy Gilmour,13.25,-6.8,2,2,100,8.6,0.905263158
386,Tom Davies,9.95,-15.6,23,3,13.04,0.89,0.886956522
442,Adam Webster,10.09,-21.1,31,4,12.9,0.87,0.867741935
306,Nabil Bentaleb,11.65,-7.55,8,2,25,2.06,0.865789474
256,Gary Cahill,9.18,-2.95,25,2,8,0.84,0.842
93,Tariq Lamptey,12.7,3.05,7,1,14.29,2.15,0.792105263
96,Pablo Mari,12.27,2.7,2,1,50,7.35,0.773684211
325,David Martin,12.15,-9.5,4,2,50,3.63,0.763157895
338,Keinan Davis,11.31,-11,4,2,50,3.25,0.684210526
456,Lewis Cook,10.23,-23.45,14,3,21.43,0.9,0.660526316
457,Tom Cleverley,10.01,-23.5,11,3,27.27,1.14,0.657894737
108,Ondrej Duda,12.36,0.35,9,1,11.11,1.37,0.65
94,Ezri Konsa Ngoyo,10.28,3.05,24,1,4.17,0.63,0.627083333
349,Kouassi Ryan Sessegnon,9.25,-12.1,4,2,50,2.98,0.626315789
355,Eddie Nketiah,10.26,-12.65,7,2,28.57,1.62,0.597368421
361,Glenn Murray,8.7,-13.2,7,2,28.57,1.54,0.568421053
242,Phil Jones,12.4,-1.45,2,1,50,5.28,0.555263158
243,Paul Dummett,10.04,-1.45,14,1,7.14,0.75,0.555263158
245,Yan Valery,10.54,-1.5,10,1,10,1.05,0.552631579
425,Joelinton,10.39,-19.1,32,3,9.38,0.53,0.528125
372,Ruben Loftus-Cheek,11.9,-14,2,2,100,5,0.526315789
249,Nacho Monreal,10.02,-2.05,3,1,33.33,3.32,0.523684211
434,Issa Diop,8.67,-20.1,31,3,9.68,0.51,0.512903226
375,Alireza Jahanbakhsh,15.08,-14.5,3,2,66.67,3.17,0.5
379,Takumi Minamino,10.64,-14.65,2,2,100,4.68,0.492105263
255,Valentino Lazaro,11.52,-2.9,4,1,25,2.28,0.478947368
257,Curtis Jones,20.62,-3.25,1,1,100,8.75,0.460526316
358,Jamal Lewis,8.38,-12.75,25,2,8,0.45,0.45
387,Billy Sharp,9.64,-15.75,10,2,20,0.83,0.434210526
99,Tyone Mings,8.83,2.25,33,1,3.03,0.43,0.431818182
267,Jairo Riedewald,12.12,-4,7,1,14.29,1.14,0.421052632
268,Kevin Long,10.51,-4.15,6,1,16.67,1.31,0.413157895
400,Jota,11.18,-16.6,4,2,50,1.85,0.389473684
274,Fabian Balbuena,10.16,-4.75,13,1,7.69,0.56,0.381578947
275,Emil Krafth,9.69,-4.95,11,1,9.09,0.64,0.371052632
277,Cenk Tosun,11.36,-5,4,1,25,1.75,0.368421053
279,William Smallbone,10.93,-5.25,4,1,25,1.69,0.355263158
412,Andre Gray,12.94,-17.5,7,2,28.57,0.93,0.342105263
284,Mark Travers,6.25,-5.75,1,1,100,6.25,0.328947368
288,Josip Drmic,9.43,-6.05,5,1,20,1.19,0.313157895
295,Michy Batshuayi,13.8,-6.75,1,1,100,5.25,0.276315789
303,Patrick Cutrone,16.19,-7.25,3,1,33.33,1.58,0.25
307,Juan Foyth,15.36,-7.75,1,1,100,4.25,0.223684211
310,Jose Holebas,9.15,-8.15,11,1,9.09,0.35,0.202631579
311,Muhamed Besic,13.6,-8.3,2,1,50,1.85,0.194736842
308,Wesley,8.3,-8,21,1,4.76,0.19,0.19047619
326,Kevin Danso,12.07,-9.8,3,1,33.33,0.73,0.115789474
342,Timothy Fosu-Mensah,9.8,-11.4,2,1,50,0.3,0.031578947
356,Simon Francis,10.19,-12.7,10,1,10,-0.07,-0.036842105
376,Florin Andone,13.5,-14.5,1,1,100,-2.5,-0.131578947