,Transfermarkt_name,min_01,min_02,min_03,min_04,min_05,min_06,min_07,min_08,min_09,min_10,min_11,min_12,min_13,min_14,min_15,min_16,min_17,min_18,min_19,min_20,min_21,min_22,min_23,min_24,min_25,min_26,min_27,min_28,min_29
0,Aaron Connolly,0,0,0,23,6,20,25,80,45,80,86,45,0,76,76,0,0,45,68,0,45,0,68,30,0,0,15,0,0
0,Aaron Cresswell,90,0,0,0,0,90,90,84,0,90,90,90,90,90,90,51,90,90,90,0,90,90,90,90,90,90,90,90,90
0,Aaron Lennon,6,18,24,90,59,11,0,6,25,0,0,0,0,13,90,19,0,25,0,0,0,90,1,0,0,0,8,0,1
0,Aaron Mooy,0,5,0,0,10,70,65,90,35,0,0,0,90,90,90,90,90,90,90,84,68,0,81,90,72,90,90,90,89
0,Aaron Ramsdale,90,90,90,90,90,90,90,90,90,90,90,90,90,90,90,90,90,90,90,90,90,0,90,90,90,90,90,90,90
0,Aaron Wan-Bissaka,90,90,90,90,90,90,0,0,90,90,81,90,90,90,90,90,90,90,90,0,90,90,90,90,90,90,90,90,90
0,Abdoulaye Doucouré,90,90,90,71,90,90,90,90,90,90,90,90,90,90,90,78,87,69,0,90,90,86,90,90,90,90,80,89,90
0,Adam Idah,0,0,0,0,0,0,0,0,0,0,0,0,0,0,0,0,0,0,0,0,1,65,0,0,0,0,0,0,3
0,Adam Lallana,0,0,4,0,0,6,0,1,19,0,84,0,0,21,72,0,0,0,8,67,2,29,24,0,2,0,0,29,6
0,Adam Masina,0,0,0,0,0,0,0,0,0,73,90,2,45,90,90,90,0,0,0,5,17,90,90,90,90,90,90,90,90
0,Adam Smith,90,90,69,64,0,0,0,0,90,90,90,78,90,0,90,0,0,0,0,0,0,90,90,90,90,90,90,90,90
0,Adam Webster,0,0,0,90,90,90,90,90,90,90,36,0,90,90,90,90,90,90,90,0,90,90,90,90,90,0,90,90,90
0,Adama Traore,0,45,14,90,56,90,87,90,90,90,90,90,90,90,89,90,90,90,90,32,90,90,90,90,76,26,18,74,26
0,Adrian Mariappa,0,0,0,0,0,90,0,0,0,0,70,20,90,90,90,0,90,90,90,57,0,90,90,90,90,90,0,0,0
0,Adrián,51,90,90,90,90,90,90,90,0,0,0,0,0,12,90,0,0,0,0,0,0,0,0,0,0,0,0,0,90
0,Ahmed Elmohamady,90,90,4,0,24,22,0,0,0,0,21,0,0,0,90,90,0,0,90,90,0,90,0,0,0,0,0,14,63
0,Ainsley Maitland-Niles,90,90,90,90,90,41,0,0,0,0,0,0,0,0,0,90,90,90,90,90,90,90,90,0,0,0,0,23,0
0,Albian Ajeti,0,0,0,0,0,0,0,0,16,4,45,26,0,0,10,0,0,0,1,20,0,0,6,0,0,0,0,0,0
0,Alex Iwobi,0,0,28,76,90,35,67,90,87,72,90,16,34,78,90,90,90,11,0,0,0,0,0,0,65,0,60,0,0
0,Alex McCarthy,0,0,0,0,0,0,0,0,0,0,90,90,90,90,90,90,90,90,90,90,90,90,90,90,90,90,90,90,90
0,Alex Oxlade-Chamberlain,0,89,13,19,75,0,1,0,30,0,25,11,64,78,0,87,20,85,0,0,0,61,66,70,73,60,33,65,84
0,Alexander Tettey,0,3,0,0,90,13,0,0,90,90,84,90,90,0,45,90,90,87,75,86,90,90,90,82,86,84,90,90,66
0,Alexandre Lacazette,0,71,9,67,0,0,0,0,21,90,60,90,90,90,77,0,0,12,90,90,82,90,74,90,89,5,0,23,31
0,Alexis Mac Allister,0,0,0,0,0,0,0,0,0,0,0,0,0,0,0,0,0,0,0,0,0,0,0,0,0,0,0,0,10
0,Alireza Jahanbakhsh,0,0,0,0,0,0,0,0,0,0,0,0,0,0,0,22,0,0,0,84,22,62,0,60,0,17,0,12,8
0,Alisson,39,0,0,0,0,0,0,0,90,90,90,90,90,76,0,90,90,90,90,90,90,90,90,90,90,90,90,90,0
0,Allan Saint-Maximin,23,0,17,0,0,17,0,83,86,90,77,90,90,80,81,90,0,0,0,0,0,0,90,0,79,90,90,12,90
0,Andre Gray,75,7,90,82,54,13,19,59,0,33,90,59,56,23,3,13,15,0,10,0,0,1,0,9,0,0,0,0,6
0,Andreas Christensen,90,90,90,0,90,42,90,0,0,0,0,0,0,0,90,90,0,0,0,0,0,90,90,90,90,45,90,90,0
0,Andreas Pereira,74,1,0,68,90,90,74,90,90,82,68,70,73,90,10,16,0,0,90,73,32,71,74,45,72,10,0,0,0
0,Andrew Robertson,90,90,90,90,90,90,90,90,90,90,90,90,90,90,90,76,31,90,90,90,88,90,90,90,90,90,90,90,0
0,Andrew Surman,0,45,0,11,0,1,0,0,0,0,0,0,0,0,0,0,0,0,0,0,0,0,0,0,0,88,90,0,0
0,Andriy Yarmolenko,0,13,55,71,62,89,90,78,45,90,45,70,56,19,28,0,17,0,0,0,0,0,0,0,0,0,0,0,0
0,Andros Townsend,90,70,10,6,85,0,20,9,35,90,0,90,90,69,45,73,0,0,0,0,0,0,0,0,13,0,0,0,0
0,André Gomes,45,90,90,90,0,0,0,6,90,90,84,0,0,0,0,0,0,0,0,0,0,0,0,0,0,0,31,82,90
0,Andy Carroll,0,0,0,0,0,8,27,34,20,0,1,7,27,0,72,31,90,90,0,90,0,11,0,0,0,0,0,0,0
0,Angelino,0,0,0,0,0,45,0,0,0,17,90,90,0,0,90,90,0,0,0,0,0,0,0,0,0,0,0,0,0
0,Angelo Ogbonna,0,90,90,90,90,90,90,90,90,0,0,0,90,90,90,90,90,90,90,0,90,90,90,90,90,90,90,90,90
0,Angus Gunn,90,90,90,90,90,90,90,90,90,90,0,0,0,0,0,0,0,0,0,0,0,0,0,0,0,0,0,0,0
0,Anthony Gordon,0,0,0,0,0,0,0,0,0,0,0,0,0,0,0,0,0,0,0,0,0,0,45,0,0,0,0,0,14
0,Anthony Martial,90,90,90,0,0,0,0,0,6,75,90,90,85,82,0,74,90,90,67,89,90,80,90,90,90,90,80,89,78
0,Antonio Rüdiger,0,0,0,0,45,0,0,0,0,0,0,0,0,0,0,0,90,90,90,90,90,90,90,90,90,90,90,0,90
0,Anwar El Ghazi,90,75,13,0,90,88,70,64,76,6,90,90,90,18,0,90,80,68,90,45,0,90,90,90,58,70,28,69,27
0,Armando Broja,0,0,0,0,0,0,0,0,0,0,0,0,0,0,0,0,0,0,0,0,0,0,0,0,0,0,0,0,4
0,Arnaut Danjuma,0,0,0,0,0,0,13,11,21,61,0,12,45,90,64,90,0,0,0,0,0,0,0,0,0,0,0,0,0
0,Arthur Masuaku,0,90,90,90,67,0,0,0,90,0,0,0,0,7,0,39,0,90,0,90,7,69,30,45,16,90,0,0,0
0,Ashley Barnes,84,90,78,73,90,79,83,73,0,63,90,81,90,62,31,0,90,75,16,68,45,0,0,0,0,0,0,0,0
0,Ashley Westwood,90,90,90,90,90,90,90,90,90,90,90,90,90,0,0,0,90,90,90,90,90,90,90,90,90,90,90,90,90
0,Ashley Young,0,0,56,90,90,90,90,86,90,90,90,0,0,0,90,1,0,0,0,90,0,0,0,0,0,0,0,0,0
0,Axel Tuanzebe,0,0,0,0,1,0,90,90,0,0,0,0,5,0,0,1,0,0,0,0,0,0,0,0,0,0,0,0,0
0,Aymeric Laporte,90,90,90,37,0,0,0,0,0,0,0,0,0,0,0,0,0,0,0,0,0,0,0,78,0,65,58,70,0
0,Ayoze Pérez,76,80,78,0,33,67,84,17,67,74,74,60,70,62,45,0,0,68,18,64,90,67,74,90,90,68,1,78,0
0,Ben Chilwell,90,0,0,90,90,90,90,90,90,90,90,90,90,90,0,80,90,90,90,0,90,90,0,90,90,90,90,90,0
0,Ben Davies,0,0,2,0,14,0,0,90,0,0,90,90,75,0,0,0,0,0,0,0,0,0,0,0,0,90,90,90,0
0,Ben Foster,90,90,90,90,90,90,90,90,90,90,90,90,90,90,90,90,90,90,90,90,90,90,90,90,90,90,90,90,90
0,Ben Godfrey,90,90,90,90,90,90,90,90,50,90,90,90,90,90,90,90,90,0,0,0,0,0,76,0,0,0,90,90,90
0,Ben Mee,90,90,90,90,90,90,90,90,90,90,90,90,90,90,90,90,90,90,90,90,90,90,90,90,90,90,90,90,90
0,Ben Osborn,0,0,0,6,0,7,0,0,0,0,0,0,0,0,0,0,1,37,0,0,0,0,0,0,1,0,45,0,29
0,Benjamin Mendy,0,0,0,0,0,45,0,0,90,73,0,0,90,90,0,0,85,90,90,0,90,90,90,0,0,90,90,90,13
0,Bernard,90,90,62,14,19,55,0,0,90,30,0,0,0,0,55,4,71,0,77,0,0,72,45,83,0,65,30,27,45
0,Bernardo,1,0,0,67,0,0,0,0,0,0,0,0,0,0,0,0,1,0,76,0,68,90,90,60,90,0,1,0,0
0,Bernardo Silva,0,80,79,12,73,90,10,30,90,90,84,90,0,21,90,65,34,90,90,62,0,0,73,1,6,90,90,25,59
0,Bernd Leno,90,90,90,90,90,90,90,90,90,90,90,90,90,90,90,90,90,90,90,90,90,90,90,90,90,90,90,90,90
0,Billy Gilmour,0,0,0,6,0,0,0,0,0,0,0,3,0,0,0,0,0,0,0,0,0,0,0,0,0,0,0,0,90
0,Billy Sharp,8,0,36,0,20,0,0,19,34,36,25,0,12,0,63,0,0,0,0,7,24,6,34,59,64,74,74,69,71
0,Björn Engels,90,90,90,90,90,90,90,75,90,90,90,0,0,0,0,67,90,90,0,0,0,0,0,0,45,90,0,0,90
0,Borja Bastón,0,0,0,0,0,0,0,0,0,0,0,0,0,0,0,0,0,0,0,0,0,0,0,0,0,7,9,0,0
0,Brandon Pierrick,0,0,0,0,0,0,0,0,0,0,0,0,0,0,0,0,0,0,0,0,7,0,0,0,0,0,0,0,0
0,Brandon Williams,0,0,0,0,0,0,0,0,1,0,9,90,90,79,0,0,0,0,0,90,0,90,74,69,0,90,0,1,78
0,Bruno Fernandes,0,0,0,0,0,0,0,0,0,0,0,0,0,0,0,0,0,0,0,0,0,0,0,0,90,90,90,90,88
0,Bukayo Saka,0,0,0,0,0,45,80,83,90,29,17,0,0,12,0,0,50,90,90,90,21,0,90,90,45,90,72,90,90
0,Caglar Söyüncü,90,90,90,90,90,90,90,90,90,90,90,90,90,90,90,90,90,90,90,0,90,90,90,90,90,90,90,90,90
0,Callum Hudson-Odoi,0,0,0,0,0,0,27,80,90,18,7,10,0,19,4,19,25,0,67,20,24,90,90,90,90,0,0,0,0
0,Callum Robinson,90,56,54,90,6,62,60,71,0,54,0,3,7,4,0,25,0,0,0,59,0,0,23,12,0,0,0,0,0
0,Callum Wilson,90,90,69,90,90,90,77,90,90,74,90,90,90,90,90,64,0,45,90,28,90,90,90,90,90,90,90,90,90
0,Calum Chambers,90,0,0,0,0,45,90,90,90,90,90,90,45,90,0,90,90,90,0,23,0,0,0,0,0,0,0,0,0
0,Carlos Sánchez,0,7,2,5,0,0,0,0,0,0,0,0,26,0,0,0,11,0,0,62,0,0,0,0,0,0,0,0,0
0,Cenk Tosun,0,0,0,0,0,0,0,0,0,0,0,0,0,0,0,0,0,0,0,0,0,0,0,0,0,0,0,0,0
0,Cenk Tosun (prior),0,0,0,0,0,0,0,0,0,0,0,0,0,0,0,0,0,0,0,0,0,0,0,0,0,0,0,0,0
0,Cedric Soares (Prior),0,0,0,0,0,0,0,0,0,0,0,0,0,0,0,0,0,0,0,0,0,0,0,0,0,0,0,0,0
0,Charlie Daniels,0,90,37,0,0,0,0,0,0,0,0,0,0,0,0,0,0,0,0,0,0,0,0,0,0,0,0,0,0
0,Charlie Taylor,0,0,0,0,0,0,0,35,0,0,45,90,90,36,0,0,0,90,90,90,90,90,90,90,90,90,90,90,90
0,Che Adams,73,68,80,62,90,77,0,9,0,0,2,9,0,0,13,2,3,3,80,63,0,12,19,6,20,4,17,0,13
0,Cheikhou Kouyaté,0,0,83,90,76,90,70,90,90,90,74,82,72,90,90,83,67,90,88,6,45,90,90,62,5,11,89,90,90
0,Chicharito,24,83,0,0,0,0,0,0,0,0,0,0,0,0,0,0,0,0,0,0,0,0,0,0,0,0,0,0,0
0,Chris Basham,82,90,78,84,84,90,90,90,90,90,90,90,83,90,75,90,90,90,90,90,90,90,76,78,90,90,90,90,90
0,Chris Mepham,90,0,90,90,1,0,0,0,0,0,0,0,0,0,90,90,90,90,90,90,90,0,0,0,0,0,0,0,0
0,Chris Wood,90,61,90,90,66,90,90,90,90,0,0,90,75,90,59,65,85,90,74,90,90,90,90,90,90,22,0,32,90
0,Christian Atsu,0,0,73,82,90,90,90,7,7,1,13,1,11,10,9,0,80,0,31,16,0,62,0,62,0,0,0,0,0
0,Christian Benteke,83,90,15,4,19,21,0,1,14,9,12,0,14,8,0,17,90,90,0,0,0,0,0,0,77,90,89,87,90
0,Christian Eriksen,26,90,28,90,90,11,90,90,0,88,90,0,11,0,26,0,1,45,22,90,90,69,17,28,0,0,0,0,0
0,Christian Fuchs,0,90,90,4,0,0,0,0,0,0,0,0,0,0,90,0,0,0,0,90,90,0,90,0,0,0,90,0,0
0,Christian Kabasele,0,0,0,90,90,0,0,90,90,90,90,65,0,0,0,90,90,90,90,90,71,0,0,1,90,90,90,90,90
0,Christian Pulisic,32,71,84,90,0,0,0,10,26,90,83,80,90,90,86,90,65,0,23,0,66,0,0,0,0,0,0,0,0
0,Christoph Zimmermann,0,0,0,36,0,0,0,0,0,0,0,0,90,90,90,90,90,90,90,90,90,90,90,90,90,90,0,0,0
0,Ciaran Clark,0,0,0,0,0,0,0,90,90,90,90,90,90,90,90,45,0,0,0,0,0,90,90,70,90,83,0,0,0
0,Claudio Bravo,0,0,0,0,0,0,0,0,0,0,0,90,0,0,0,0,0,0,76,90,90,0,0,0,0,0,0,0,0
0,Connor Wickham,7,8,0,0,0,0,0,0,0,0,0,0,0,0,0,0,0,0,15,0,30,0,9,21,0,0,0,0,0
0,Conor Coady,90,90,90,90,90,90,90,90,90,90,90,90,90,90,90,90,90,90,90,90,90,90,90,90,90,90,90,90,90
0,Conor Hourihane,82,0,0,19,0,5,90,78,63,0,17,0,90,81,58,0,0,56,34,90,12,71,4,0,0,0,31,90,67
0,Craig Cathcart,90,90,90,90,0,0,90,90,90,90,20,90,90,90,90,90,90,90,90,85,90,90,90,90,90,90,90,90,90
0,Craig Dawson,90,90,90,90,90,90,90,33,90,90,90,90,45,0,0,0,0,0,1,30,90,90,90,90,0,0,90,0,0
0,Curtis Jones,0,0,0,0,0,0,0,0,0,0,0,0,0,0,0,14,0,5,0,0,0,0,0,0,0,0,0,0,0
0,Cedric Soares,0,0,0,0,0,0,0,0,0,0,0,0,0,0,0,0,0,0,0,0,0,0,0,0,0,0,0,0,0
0,César Azpilicueta,90,90,90,90,90,90,90,90,90,90,90,0,90,0,90,90,90,80,90,90,90,90,90,90,90,90,90,90,90
0,Dale Stephens,90,90,78,90,90,90,90,90,90,90,90,90,77,90,90,90,0,90,90,6,0,72,90,90,90,0,0,0,1
0,Dan Burn,90,90,90,90,90,90,90,90,90,90,90,90,90,90,90,90,90,90,90,90,22,0,0,0,0,57,90,90,90
0,Dan Gosling,0,0,0,0,0,0,0,0,0,0,0,0,14,16,0,26,90,90,70,90,68,59,86,5,90,90,70,9,10
0,Dani Ceballos,26,83,61,27,60,72,35,75,45,90,90,0,0,0,0,0,0,0,0,0,0,0,0,0,0,82,76,82,90
0,Daniel James,16,89,90,90,90,90,90,90,90,80,80,90,90,90,90,90,86,58,0,90,58,31,90,69,88,80,90,0,90
0,Daniel Podence,0,0,0,0,0,0,0,0,0,0,0,0,0,0,0,0,0,0,0,0,0,0,0,0,14,12,0,1,16
0,Danny Drinkwater,0,0,0,0,0,0,0,0,0,0,0,0,0,0,0,0,0,0,0,0,0,0,0,0,0,0,0,0,0
0,Danny Drinkwater (prior),0,0,0,0,0,0,0,0,0,0,0,0,0,0,0,0,0,0,0,0,0,0,0,0,0,0,0,0,0
0,Danny Ings,66,26,84,77,16,13,83,81,90,45,84,90,73,90,77,88,90,87,21,90,76,90,90,20,70,90,73,36,90
0,Danny Rose,0,0,0,0,0,0,0,0,0,0,0,0,0,0,0,0,0,0,0,0,0,0,0,0,0,0,0,0,0
0,Danny Rose (prior),0,0,0,0,0,0,0,0,0,0,0,0,0,0,0,0,0,0,0,0,0,0,0,0,0,0,0,0,0
0,Danny Welbeck,0,23,16,0,0,0,90,77,5,0,0,0,0,0,0,0,0,0,0,0,0,0,0,0,33,4,14,0,16
0,Darren Randolph,0,0,0,0,0,0,0,0,0,0,0,0,0,0,0,0,0,0,0,0,0,0,90,90,0,0,0,0,0
0,Daryl Janmaat,0,0,0,90,12,0,90,90,71,90,75,90,0,0,0,0,0,0,0,0,0,0,0,0,0,0,0,0,0
0,David Luiz,0,90,90,90,90,90,90,90,90,90,90,90,90,90,90,0,0,90,90,90,90,90,90,26,90,90,90,25,90
0,David Martin,0,0,0,0,0,0,0,0,0,0,0,0,0,90,90,90,90,0,0,0,0,75,0,0,0,0,0,0,0
0,David McGoldrick,63,89,54,27,90,0,0,0,78,81,75,90,78,73,18,83,90,90,90,31,66,60,0,0,0,0,16,21,19
0,David Silva,80,12,90,78,57,90,4,75,80,90,45,0,67,70,90,90,0,0,0,0,7,90,62,0,0,85,0,65,0
0,David de Gea,90,90,90,90,90,90,90,90,90,90,90,90,90,90,90,90,90,90,90,90,90,90,90,90,90,90,90,90,90
0,Davinson Sánchez,90,90,90,90,0,0,0,0,45,90,90,90,90,90,90,90,90,90,90,45,0,90,0,0,90,90,90,90,90
0,Davy Pröpper,90,90,90,90,90,90,0,0,90,90,90,90,90,90,90,90,90,90,0,90,90,90,90,90,90,90,90,90,90
0,DeAndre Yedlin,0,0,0,0,0,0,16,90,90,90,90,90,90,0,0,0,0,1,27,90,45,0,0,0,54,0,0,0,0
0,Dean Henderson,90,90,90,90,90,90,90,90,90,90,90,90,0,90,90,90,90,90,90,90,90,90,90,90,90,90,90,90,90
0,Declan Rice,90,90,90,90,90,90,90,90,90,90,90,90,90,90,90,90,90,90,90,90,90,90,90,90,90,90,90,90,90
0,Dejan Lovren,0,0,0,0,0,0,0,90,0,90,90,90,90,90,90,40,0,0,0,0,0,0,0,0,0,0,0,90,0
0,Dele Alli,0,0,0,30,0,0,0,0,90,90,90,72,79,90,90,85,90,90,90,90,90,90,73,90,70,83,12,90,90
0,Demarai Gray,0,0,0,26,68,8,6,0,23,16,16,30,12,0,0,0,51,22,0,83,27,23,0,0,0,0,0,0,0
0,Dennis Praet,0,17,65,0,0,23,79,73,17,0,1,16,20,0,45,76,45,13,72,0,0,77,74,0,10,15,85,73,76
0,Dennis Srbeny,0,0,9,0,1,0,0,10,1,0,6,0,1,0,0,9,0,4,0,0,0,0,0,0,0,0,0,0,0
0,Diego Rico,90,0,0,0,90,90,90,90,90,90,90,66,90,90,64,90,90,90,0,90,45,0,90,90,90,90,0,0,0
0,Dimitri Foulquier,0,0,0,0,0,33,0,0,0,17,0,0,0,8,0,0,0,0,0,0,0,0,0,0,0,0,0,0,0
0,Diogo Dalot,0,0,0,0,0,0,0,60,0,0,0,0,0,0,0,0,0,0,0,0,0,0,3,0,2,1,0,0,0
0,Diogo Jota,76,86,90,22,90,90,0,0,28,70,90,83,89,90,72,77,90,77,79,72,24,0,0,13,70,78,64,79,74
0,Divock Origi,74,11,0,5,37,0,26,12,60,1,25,0,26,14,73,0,2,69,20,4,12,9,7,5,0,0,0,25,1
0,Djibril Sidibé,0,0,0,0,0,0,0,31,90,90,90,90,66,90,35,90,0,90,90,90,90,90,33,90,90,64,90,62,90
0,Domingos Quina,0,0,4,0,0,0,0,0,0,0,0,0,0,0,7,0,3,0,0,0,0,4,0,0,0,0,0,0,0
0,Dominic Calvert-Lewin,69,72,90,14,71,0,90,74,0,18,7,16,24,78,60,90,90,90,90,90,90,90,90,90,73,90,90,90,76
0,Dominic Solanke,1,14,21,26,90,77,90,63,62,16,0,24,0,90,90,90,15,4,0,90,90,90,12,85,0,2,16,0,22
0,Douglas Luiz,8,90,90,71,9,0,0,12,14,90,73,90,90,90,32,90,24,90,90,90,90,65,22,34,90,90,90,90,90
0,Dwight Gayle,0,0,0,0,0,0,0,0,4,1,0,0,18,21,0,0,19,13,59,16,0,28,0,0,0,0,19,90,90
0,Dwight McNeil,84,90,86,90,90,79,90,90,90,90,59,90,90,90,75,90,90,82,90,90,90,90,90,90,90,90,90,90,90
0,Eddie Nketiah,0,0,0,0,0,0,0,0,0,0,0,0,0,0,0,0,0,0,0,0,0,0,16,0,1,85,90,67,59
0,Ederson,90,90,90,90,90,90,90,90,90,90,90,0,90,90,90,90,90,90,12,0,0,90,90,90,90,90,90,90,90
0,Emerson,90,90,90,90,0,15,0,0,0,0,90,90,59,90,0,0,90,0,90,34,0,0,15,90,0,0,0,0,0
0,Emil Krafth,0,90,90,78,67,0,90,1,0,0,0,0,0,0,2,0,0,0,2,0,45,0,71,28,0,0,0,0,0
0,Emile Smith Rowe,0,0,0,0,0,0,0,0,0,0,0,0,0,0,0,0,31,66,0,0,0,0,0,0,0,0,0,0,0
0,Emiliano Buendía,90,90,90,90,83,90,90,90,90,90,90,62,10,7,7,90,90,90,75,90,90,90,90,0,23,7,31,90,90
0,Enda Stevens,90,90,90,90,90,90,90,90,90,90,90,90,90,90,90,90,90,90,90,90,90,90,90,90,90,90,45,90,61
0,Eric Bailly,0,0,0,0,0,0,0,0,0,0,0,0,0,0,0,0,0,0,0,0,0,0,0,0,0,90,0,0,12
0,Eric Dier,0,0,0,0,0,0,12,90,0,0,0,90,90,90,0,90,90,45,14,0,0,0,0,34,6,60,0,90,90
0,Eric García,0,0,0,0,0,27,0,0,0,0,0,0,0,0,5,0,0,0,45,90,90,0,0,12,0,0,0,89,0
0,Erik Lamela,88,85,62,60,90,79,26,90,27,0,0,0,0,0,0,0,0,0,0,16,15,21,90,62,20,0,27,0,78
0,Erik Pieters,90,90,90,90,90,90,90,55,90,90,45,0,0,54,90,90,90,0,0,0,0,0,0,0,0,0,0,0,0
0,Ezequiel Schelotto,0,0,0,0,0,0,0,0,0,24,4,0,13,0,0,0,0,0,83,0,0,0,0,0,18,73,75,0,0
0,Ezri Konsa,0,0,0,0,0,0,0,15,0,0,0,90,90,90,90,90,0,0,90,90,90,90,90,90,45,90,59,76,0
0,Fabian Delph,0,0,0,90,90,90,90,90,0,18,90,0,0,0,0,0,0,72,90,29,90,18,90,90,71,0,82,0,0
0,Fabian Schär,90,90,90,85,80,90,90,90,90,0,0,0,0,0,0,45,90,90,88,90,90,0,0,12,0,7,90,0,0
0,Fabinho,90,16,90,90,90,90,90,90,90,90,0,90,90,0,0,0,0,21,0,0,0,0,7,20,90,30,90,90,90
0,Fabián Balbuena,90,0,0,0,1,0,0,0,0,90,90,90,0,90,90,90,90,0,90,90,90,90,0,0,0,0,0,0,0
0,Faustino Anjorin,0,0,0,0,0,0,0,0,0,0,0,0,0,0,0,0,0,0,0,0,0,0,0,0,0,0,0,0,19
0,Federico Fernández,0,0,8,5,10,0,0,0,0,90,90,90,90,90,90,90,90,90,90,90,90,90,90,90,90,75,90,90,90
0,Felipe Anderson,66,0,78,88,69,70,90,90,45,66,90,56,45,71,90,70,0,0,15,90,68,90,0,0,0,0,65,1,3
0,Fernandinho,0,0,0,53,0,90,90,90,90,87,90,90,90,90,85,90,90,90,90,90,90,63,90,90,90,0,90,20,90
0,Fikayo Tomori,0,0,0,90,90,90,90,90,90,90,90,90,90,90,0,0,0,90,90,59,0,0,0,0,0,0,0,64,0
0,Florian Lejeune,0,0,0,0,0,0,0,0,0,0,0,0,0,0,0,0,0,90,90,74,90,77,0,20,0,0,0,0,0
0,Florin Andone,26,16,30,0,0,0,0,0,0,0,0,0,0,0,0,0,0,0,0,0,0,0,0,0,0,0,0,0,0
0,Fred,0,0,0,0,23,19,16,90,90,90,90,90,90,90,90,90,90,90,90,90,90,90,90,90,90,90,79,90,90
0,Frédéric Guilbert,0,0,90,90,85,90,90,90,90,90,69,90,90,90,0,12,90,90,0,24,90,0,90,90,90,90,90,0,90
0,Gabriel Jesus,69,24,0,0,33,0,66,15,90,90,45,19,13,84,90,90,90,90,0,2,90,90,28,67,18,90,13,80,31
0,Gabriel Martinelli,6,0,0,0,0,0,0,27,12,0,30,0,7,1,13,90,90,90,0,0,0,20,90,90,90,0,0,0,0
0,Gaetan Bong,0,0,0,0,1,9,45,2,0,0,0,0,0,0,0,0,0,0,0,0,0,0,0,0,0,0,0,0,0
0,Gary Cahill,0,0,90,90,90,90,90,90,90,90,90,90,90,0,0,90,0,0,0,0,0,90,90,90,90,90,90,90,90
0,Gedson Fernandes,0,0,0,0,0,0,0,0,0,0,0,0,0,0,0,0,0,0,0,0,0,0,10,15,0,7,0,8,0
0,Georges-Kevin Nkoudou,2,0,0,0,0,0,0,0,0,0,0,0,0,0,0,0,0,0,0,0,0,0,0,0,0,0,0,0,0
0,George Baldock,90,90,90,90,90,90,90,90,90,90,90,90,90,90,90,90,90,90,90,90,90,90,90,90,90,90,90,90,90
0,Georginio Wijnaldum,90,90,69,90,84,90,90,78,82,77,65,90,90,90,90,0,59,90,90,86,90,90,90,90,81,60,90,61,90
0,Gerard Deulofeu,45,79,74,8,90,77,45,31,85,90,90,70,90,67,77,90,90,90,90,90,73,90,90,90,82,86,90,37,0
0,Giovani Lo Celso,0,5,28,11,0,0,0,0,0,2,17,90,0,2,5,0,0,0,34,74,65,21,80,90,90,30,90,90,45
0,Glenn Murray,64,74,16,23,80,0,11,1,0,10,0,45,7,0,0,22,0,45,0,1,0,18,9,0,90,90,75,24,0
0,Granit Xhaka,90,0,90,90,90,72,90,90,69,61,0,0,0,90,90,86,0,90,90,0,90,90,90,90,90,90,90,8,90
0,Grant Hanley,90,90,90,0,0,0,0,0,0,0,0,0,0,0,0,0,0,90,90,90,90,80,12,90,90,90,90,90,90
0,Gylfi Sigurdsson,79,90,62,90,71,90,90,59,3,60,6,90,90,90,90,90,0,90,90,90,66,90,0,0,67,86,90,90,90
0,Hamza Choudhury,61,73,90,19,57,6,11,4,0,0,0,0,0,0,21,0,0,0,14,90,13,90,0,0,90,76,0,67,0
0,Harry Kane,90,90,90,90,85,90,90,90,90,90,0,90,90,90,90,90,90,90,90,90,75,0,0,0,0,0,0,0,0
0,Harry Maguire,90,90,90,90,90,90,90,90,90,90,90,90,90,90,90,90,90,90,90,90,90,90,90,90,90,90,90,90,90
0,Harry Wilson,0,76,53,64,57,63,90,79,69,29,86,66,45,27,90,0,0,0,24,62,45,75,34,89,90,72,74,0,0
0,Harry Winks,64,56,90,90,67,90,90,45,70,63,0,45,90,1,70,0,1,0,68,0,0,90,90,56,90,90,90,90,0
0,Harvey Barnes,29,0,25,71,22,82,58,45,79,72,85,74,78,82,80,26,45,64,58,7,0,58,90,83,90,90,45,90,90
0,Henri Lansbury,0,0,0,5,0,2,0,0,0,0,0,21,1,9,0,0,66,0,1,73,0,11,0,0,0,0,0,0,0
0,Henrikh Mkhitaryan,84,0,4,23,0,0,0,0,0,0,0,0,0,0,0,0,0,0,0,0,0,0,0,0,0,0,0,0,0
0,Heung-min Son,0,0,90,79,90,90,64,73,45,90,79,90,90,88,90,90,90,62,0,0,0,90,90,90,90,90,0,0,0
0,Hugo Lloris,90,90,90,90,90,0,90,8,0,0,0,0,0,0,0,0,0,0,0,0,0,0,0,90,90,90,90,0,90
0,Héctor Bellerín,0,0,0,0,0,0,0,0,0,0,0,90,83,0,90,0,0,0,0,0,0,0,0,90,90,90,90,90,1
0,Ibrahim Amadou,0,0,0,54,90,90,90,90,90,90,0,0,2,90,45,0,0,0,0,0,0,25,0,0,0,0,0,0,0
0,Ignacio Pussetto,0,0,0,0,0,0,0,0,0,0,0,0,0,0,0,0,0,0,0,0,0,0,1,15,8,8,0,8,16
0,Ilkay Gündogan,11,90,58,21,57,0,90,90,90,90,90,90,38,90,0,4,70,79,23,28,90,19,90,0,90,11,90,90,90
0,Indiana Vassilev,0,0,0,0,0,0,0,0,0,0,0,0,0,0,0,0,0,0,0,0,0,0,23,13,0,0,0,0,0
0,Isaac Hayden,90,90,90,90,90,90,43,0,0,0,90,90,90,90,90,90,90,64,0,90,90,90,90,90,57,16,0,90,79
0,Isaac Success,15,0,0,19,0,0,0,0,0,0,0,0,0,0,13,0,0,3,0,0,0,0,0,0,15,0,0,0,0
0,Ismaïla Sarr,0,0,16,0,36,31,71,13,0,0,0,0,23,90,90,90,90,87,45,90,90,82,89,0,0,0,21,82,90
0,Issa Diop,90,90,90,90,90,90,90,90,90,90,90,90,64,0,0,0,2,90,0,90,0,0,90,90,90,90,90,90,90
0,Jack Cork,90,90,90,90,78,90,45,0,0,90,90,90,90,90,90,90,90,90,88,87,90,90,90,90,90,90,90,90,90
0,Jack Grealish,90,90,90,90,90,90,90,90,90,84,0,0,90,90,90,90,90,90,90,90,90,90,90,90,90,90,90,90,90
0,Jack O'Connell,90,90,90,90,90,90,90,90,90,90,90,90,90,90,90,90,90,90,90,90,90,90,90,90,90,90,90,0,90
0,Jack Robinson,0,0,0,0,0,0,0,0,0,0,0,0,0,0,0,0,0,0,0,0,0,0,0,0,0,0,0,90,0
0,Jack Simpson,0,0,0,0,0,0,0,0,0,0,0,0,0,0,0,55,0,0,90,0,22,0,0,0,0,0,0,0,71
0,Jack Stacey,0,0,0,0,90,90,89,79,0,0,0,0,0,90,0,0,90,90,90,90,0,0,0,0,0,0,90,90,90
0,Jack Stephens,73,0,0,0,0,0,0,0,0,45,90,90,90,90,90,90,90,90,90,90,90,90,90,90,90,90,90,90,90
0,Jack Wilshere,56,45,0,0,0,20,15,12,27,0,0,0,0,0,0,0,0,0,0,0,0,0,0,0,0,0,0,0,0
0,Jairo Riedewald,0,0,0,0,0,0,0,0,0,0,0,0,0,0,0,45,45,0,25,90,90,90,88,90,0,0,1,45,0
0,Jamaal Lascelles,90,90,82,90,90,90,90,90,90,90,90,20,0,0,0,0,0,0,0,0,0,0,90,90,90,90,90,90,90
0,Jamal Lewis,90,90,90,90,90,90,90,90,90,66,90,81,0,0,0,18,0,0,0,90,0,10,0,0,0,63,90,90,90
0,James Justin,0,0,0,0,0,0,0,0,0,0,0,0,0,0,10,10,0,0,0,90,0,0,0,0,0,0,0,0,90
0,James Maddison,90,90,90,86,90,90,0,86,73,90,90,90,90,90,90,90,90,90,76,26,77,90,90,90,90,90,90,90,90
0,James McArthur,90,82,90,90,0,83,79,90,90,90,78,70,90,90,90,90,90,86,90,90,90,90,90,90,85,90,90,90,70
0,James McCarthy,0,20,7,0,14,7,11,81,0,1,12,8,0,0,45,7,45,90,2,90,90,90,90,90,80,68,90,45,90
0,James Milner,4,74,21,0,15,19,3,90,0,13,0,29,11,0,90,90,90,0,20,4,90,0,0,0,0,6,0,0,90
0,James Tarkowski,90,90,90,90,90,90,90,90,90,90,90,90,90,90,90,90,90,90,90,90,90,90,90,90,90,90,90,90,90
0,James Tomkins,0,0,0,0,0,0,0,0,85,90,90,90,90,90,90,90,90,90,90,90,90,90,90,90,90,61,0,0,0
0,James Ward-Prowse,90,90,90,90,90,90,90,90,90,90,90,90,90,90,90,90,90,90,90,90,90,90,90,90,90,90,90,90,90
0,Jamie Vardy,90,90,90,90,90,90,90,90,90,90,90,90,90,90,90,90,90,90,90,0,0,90,90,43,80,90,90,0,31
0,Jan Bednarek,90,90,90,90,90,90,90,90,90,90,88,90,90,90,90,90,90,90,90,90,90,90,90,0,90,0,90,90,90
0,Jan Vertonghen,0,0,0,90,90,90,90,90,90,0,0,0,0,90,90,90,90,74,90,45,90,0,90,75,0,1,90,0,90
0,Jannik Vestergaard,90,90,90,90,90,90,79,0,90,45,90,90,0,0,0,0,0,0,0,0,0,0,0,90,0,90,0,22,0
0,Japhet Tanganga,0,0,0,0,0,0,0,0,0,0,0,0,0,0,0,0,0,0,0,0,0,90,90,0,90,0,90,76,90
0,Jarrod Bowen,0,0,0,0,0,0,0,0,0,0,0,0,0,0,0,0,0,0,0,0,0,0,0,0,0,10,6,78,90
0,Javier Manquillo,90,0,0,12,23,90,0,0,0,0,0,0,0,90,90,90,90,90,90,0,45,0,0,0,0,0,0,90,72
0,Jay Rodríguez,6,29,12,17,24,11,45,17,83,90,78,9,15,28,31,90,5,15,90,31,45,0,90,90,90,90,90,90,68
0,Jean-Philippe Gbamin,45,90,0,0,0,0,0,0,0,0,0,0,0,0,0,0,0,0,0,0,0,0,0,0,0,0,0,0,0
0,Jed Steer,0,0,0,0,0,0,0,0,0,0,0,8,0,0,0,0,0,0,0,0,0,0,0,0,0,0,0,0,0
0,Jeff Hendrick,0,0,4,0,31,90,90,90,90,84,90,90,90,90,90,90,90,65,0,59,0,73,90,90,90,90,90,90,89
0,Jefferson Lerma,90,90,90,90,13,90,90,90,0,90,90,0,45,90,90,90,90,90,90,0,90,59,78,90,51,0,0,90,80
0,Jeffrey Schlupp,0,25,80,84,90,90,90,90,55,0,90,20,18,21,61,45,0,0,0,0,0,0,0,0,0,0,0,0,0
0,Jesse Lingard,86,81,56,22,0,29,74,0,0,10,22,20,45,16,87,89,65,64,27,17,58,0,0,21,2,0,0,0,0
0,Jesus Vallejo,0,0,0,0,90,0,0,0,72,0,0,0,0,0,0,0,0,0,0,0,0,0,0,0,0,0,0,0,0
0,Jetro Willems,36,0,0,90,90,82,0,90,90,90,87,90,90,90,90,90,71,0,90,85,45,90,15,0,0,0,0,0,0
0,Joe Gomez,90,0,0,0,0,1,0,0,0,5,0,3,1,0,7,90,90,90,90,90,90,90,90,90,90,90,90,0,90
0,Joe Willock,64,90,81,0,30,18,10,15,45,0,0,10,7,70,45,0,9,24,15,14,0,0,0,1,27,1,0,67,0
0,Joel Matip,0,90,90,90,90,90,90,0,90,0,0,0,0,0,0,0,0,0,0,0,0,0,0,0,0,0,1,0,0
0,Joel Ward,90,90,90,90,90,90,90,90,90,90,90,44,70,0,0,0,0,0,0,0,0,0,2,28,90,79,90,90,90
0,Joelinton,90,67,88,90,90,90,63,56,83,85,89,83,72,69,18,59,90,77,90,74,90,79,90,78,90,90,90,78,28
0,John Egan,90,90,90,90,90,90,90,90,90,90,79,90,0,90,90,90,90,90,90,90,90,90,90,90,90,90,90,90,90
0,John Fleck,90,29,0,0,90,90,90,90,90,90,90,90,90,90,90,90,90,0,90,90,90,90,90,90,90,90,90,0,90
0,John Lundstram,78,90,90,90,72,90,90,90,90,90,90,90,90,90,90,90,90,90,90,0,90,70,67,12,22,29,9,90,90
0,John McGinn,90,90,90,90,90,90,90,90,90,90,90,90,90,90,90,90,90,8,0,0,0,0,0,0,0,0,0,76,0
0,John Stones,90,0,0,0,90,0,0,0,10,90,90,90,90,90,0,59,0,0,0,0,0,90,90,0,0,25,0,0,0
0,Jonathan Kodjia,16,0,0,0,0,0,0,0,0,0,4,0,0,0,0,0,21,34,0,17,19,0,0,0,0,0,0,0,0
0,Jonjo Shelvey,54,90,0,0,90,73,0,0,0,5,90,90,90,90,90,90,0,90,0,90,45,0,85,0,0,0,0,90,90
0,Jonny Evans,90,90,90,90,90,90,90,90,90,90,90,90,62,90,90,90,90,90,90,90,84,90,90,90,90,90,90,90,90
0,Jonny Otto,90,90,90,0,90,90,90,16,90,84,90,90,90,90,90,90,90,90,73,90,54,90,90,90,90,90,80,0,0
0,Jordan Ayew,65,0,75,86,71,69,90,90,90,81,78,90,76,82,90,90,90,90,90,90,90,90,90,90,90,90,90,90,90
0,Jordan Henderson,90,1,90,71,0,84,64,12,71,90,90,61,79,90,18,90,90,90,82,90,90,90,90,90,88,90,0,0,0
0,Jordan Pickford,90,90,90,90,90,90,90,90,90,90,90,90,90,90,90,90,90,90,90,90,90,90,90,90,90,90,90,90,90
0,Jordon Ibe,0,0,21,26,0,0,0,0,0,0,0,0,0,0,0,0,0,0,0,0,0,0,0,0,0,0,0,0,0
0,Jorginho,73,71,90,90,90,90,90,90,90,90,90,0,73,63,1,0,78,22,90,56,90,90,90,90,74,90,90,64,0
0,Josh Brownhill,0,0,0,0,0,0,0,0,0,0,0,0,0,0,0,0,0,0,0,0,0,0,0,0,0,0,1,0,0
0,Joshua King,90,90,90,79,90,90,90,90,28,90,90,90,0,0,0,0,75,90,66,73,0,0,0,0,0,18,70,68,0
0,Josip Drmic,7,0,0,12,7,15,24,6,0,0,15,28,0,0,0,0,0,0,0,0,0,0,5,4,0,6,31,9,45
0,José Holebas,90,90,90,0,78,90,90,90,90,0,0,88,90,90,0,0,0,0,0,0,30,0,0,0,0,0,0,0,0
0,Jota,31,15,77,59,66,0,0,0,0,0,0,0,0,0,14,0,0,0,6,45,0,0,0,0,0,0,0,0,0
0,João Cancelo,0,0,1,0,0,36,0,90,90,90,0,0,90,0,0,0,0,0,0,0,90,90,90,0,26,0,0,0,90
0,João Moutinho,90,90,59,31,90,90,90,90,90,90,90,90,90,90,90,90,90,90,90,90,90,90,90,87,90,9,90,90,90
0,Juan Foyth,0,0,0,0,0,0,0,0,0,0,2,18,0,0,0,0,1,0,0,45,0,0,0,0,0,0,0,0,0
0,Juan Mata,4,9,5,68,70,81,0,66,0,0,0,0,0,74,0,0,4,18,23,0,9,90,16,90,88,0,0,18,0
0,Junior Stanislas,0,0,0,0,0,0,0,0,0,0,0,0,0,0,0,0,0,0,0,62,45,0,0,0,0,6,20,22,68
0,Jóhann Berg Gudmundsson,90,72,66,0,0,0,0,84,0,0,0,0,0,0,0,0,0,0,22,22,45,0,0,0,0,0,0,0,0
0,Kasper Schmeichel,90,90,90,90,90,90,90,90,90,90,90,90,90,90,90,90,90,90,90,90,90,90,90,90,90,90,90,90,90
0,Keinan Davis,0,3,0,31,5,0,2,0,14,19,0,0,0,0,0,0,0,0,0,0,0,0,0,0,32,0,0,69,23
0,Kelechi Iheanacho,0,0,0,0,0,0,0,0,0,0,0,0,0,28,0,64,39,0,0,90,63,32,16,47,10,0,45,90,59
0,Kenny McLean,90,0,9,12,90,90,90,90,90,90,90,90,88,90,90,90,90,90,90,20,90,90,90,90,90,90,90,90,90
0,Kepa,90,90,90,90,90,90,90,90,90,90,90,90,90,90,90,90,90,90,90,90,90,90,90,90,0,0,0,0,90
0,Kevin Danso,0,0,90,73,0,45,0,0,8,45,15,0,0,0,0,0,0,0,0,0,0,0,0,0,0,0,0,0,0
0,Kevin De Bruyne,79,90,90,69,33,90,80,0,90,76,90,90,90,90,80,90,90,90,67,90,90,63,90,90,90,79,90,70,0
0,Kevin Long,0,0,0,0,0,0,0,0,0,0,0,0,0,0,0,0,0,0,2,0,0,0,0,0,0,0,0,0,0
0,Ki Sung-Yueng,0,74,0,0,0,17,45,0,0,0,0,0,0,0,0,0,0,0,0,0,0,0,0,0,0,0,0,0,0
0,Kieran Tierney,0,0,0,0,0,0,0,0,0,75,87,0,90,0,18,29,0,0,0,0,0,0,0,0,0,0,0,90,0
0,Kiko Femenía,90,90,90,90,90,90,0,0,19,0,15,0,90,82,90,90,90,90,90,90,60,0,0,0,0,0,0,90,90
0,Kortney Hause,0,0,0,0,0,0,0,0,0,0,0,0,0,0,0,0,90,90,90,90,90,90,90,90,90,90,90,90,0
0,Kurt Zouma,90,90,90,90,45,48,0,90,90,90,90,90,90,90,90,90,90,90,45,90,90,0,0,0,0,45,0,0,90
0,Kyle Walker-Peters,0,0,0,0,0,0,0,0,0,0,0,0,0,0,0,0,0,0,0,0,0,0,0,0,0,0,0,0,0
0,Kyle Walker-Peters (Prior),0,0,0,0,0,0,0,0,0,0,0,0,0,0,0,0,0,0,0,0,0,0,0,0,0,0,0,0,0
0,Kyle Walker,90,90,90,90,90,54,90,45,0,0,90,90,0,90,90,90,90,90,90,90,0,0,0,90,90,90,90,90,0
0,Leander Dendoncker,90,90,31,90,45,65,90,90,90,90,90,90,90,90,90,90,90,90,90,58,90,90,90,90,1,90,90,11,90
0,Leandro Trossard,0,85,90,74,0,0,0,0,0,24,31,59,90,21,10,68,84,45,14,90,90,90,81,30,90,90,15,90,82
0,Leighton Baines,0,0,0,0,0,0,0,0,0,0,0,0,0,0,0,8,65,0,0,80,0,0,0,0,0,0,90,90,0
0,Leon Clarke,0,0,0,0,0,0,13,0,0,0,0,0,0,0,0,0,0,0,0,0,0,0,0,0,0,0,0,0,0
0,Lewis Cook,0,0,0,0,77,13,1,0,90,0,4,90,76,74,8,32,90,45,90,17,90,31,4,1,0,0,0,81,90
0,Lewis Dunk,90,90,90,90,90,90,90,90,90,90,90,90,0,90,90,90,90,90,0,90,90,90,90,90,90,90,90,90,90
0,Lucas Digne,90,73,90,90,90,90,90,90,90,90,90,90,90,90,90,82,25,90,90,0,90,85,90,90,90,90,0,0,90
0,Lucas Moura,90,34,90,0,5,4,0,17,63,6,90,4,82,16,64,75,89,74,76,45,90,90,90,90,84,90,90,90,45
0,Lucas Torreira,0,7,29,63,23,18,55,7,0,0,73,80,83,20,90,90,81,90,90,90,90,45,90,90,45,8,14,0,0
0,Luka Milivojevic,90,90,90,90,90,90,90,0,76,90,90,90,90,90,90,90,90,90,90,90,90,0,0,0,90,90,0,0,20
0,Lukas Rupp,0,0,0,0,0,0,0,0,0,0,0,0,0,0,0,0,0,0,0,0,0,0,1,86,89,83,59,22,0
0,Lukasz Fabianski,90,90,90,90,90,90,34,0,0,0,0,0,0,0,0,0,0,90,0,90,90,15,0,0,90,90,90,90,90
0,Luke Freeman,12,61,90,79,0,0,0,0,12,0,0,1,0,1,15,0,0,53,0,0,0,0,0,0,0,0,0,21,0
0,Luke Shaw,90,90,34,0,0,0,0,0,0,0,0,0,0,11,3,89,90,90,90,1,90,0,87,21,90,90,90,90,90
0,Lys Mousset,0,0,0,11,18,28,30,28,56,27,65,87,68,86,27,65,61,27,27,83,66,30,56,31,26,16,0,10,0
0,Mamadou Sakho,0,0,0,11,90,90,0,0,0,0,0,0,0,31,19,0,0,0,90,90,45,0,0,0,0,0,0,0,0
0,Manuel Lanzini,90,90,88,90,90,0,23,68,90,24,45,34,0,0,0,0,0,69,32,70,22,84,84,90,5,0,0,0,0
0,Marc Albrighton,14,10,0,64,0,0,32,45,0,18,0,0,0,8,0,14,0,26,32,90,0,0,0,0,0,22,0,12,90
0,Marco Stiepermann,58,84,81,78,89,75,66,76,0,45,75,62,0,0,45,0,5,0,15,70,7,0,0,1,0,0,6,3,0
0,Marcos Alonso,0,0,1,0,90,75,90,90,90,63,0,0,0,0,0,0,0,90,0,0,0,0,0,0,0,0,90,90,90
0,Marcos Rojo,0,0,0,0,0,0,0,30,90,0,0,1,0,0,0,0,0,0,0,0,0,0,0,0,0,0,0,0,0
0,Marcus Rashford,86,89,90,90,90,61,90,90,84,90,90,90,90,90,90,90,90,90,63,90,90,59,0,0,0,0,0,0,0
0,Mario Vrancic,0,6,9,0,0,0,0,0,0,0,0,9,0,0,0,81,1,4,15,75,90,65,0,0,1,0,0,0,24
0,Mark Noble,0,0,90,85,90,90,75,90,74,78,45,20,90,90,71,90,88,90,90,0,90,90,90,90,90,90,90,90,81
0,Mark Travers,0,0,0,0,0,0,0,0,0,0,0,0,0,0,0,0,0,0,0,0,0,90,0,0,0,0,0,0,0
0,Martin Dubravka,90,90,90,90,90,90,90,90,90,90,90,90,90,90,90,90,90,90,90,90,90,90,90,90,90,90,90,90,90
0,Martin Kelly,90,90,90,79,0,0,90,90,0,0,0,46,20,90,90,90,90,90,90,90,83,90,90,62,0,0,0,0,0
0,Martín Montoya,90,90,90,90,0,90,90,90,70,66,90,45,77,69,14,0,90,56,0,90,90,62,22,0,72,0,0,78,90
0,Marvelous Nakamba,0,0,0,0,81,85,90,90,90,90,90,69,0,0,90,59,90,82,56,0,90,25,86,90,80,30,81,14,90
0,Mason Greenwood,4,1,34,8,0,0,16,24,0,15,10,1,17,8,80,0,25,32,90,0,32,19,16,45,18,0,80,72,0
0,Mason Holgate,0,17,0,0,0,0,0,0,1,90,90,90,90,90,90,90,90,90,90,90,90,90,90,90,90,4,90,90,90
0,Mason Mount,90,90,90,90,90,90,90,80,64,90,90,87,17,90,90,90,90,90,45,90,73,90,68,21,90,78,90,90,60
0,Matej Vydra,0,0,0,0,12,0,0,0,7,27,12,0,0,0,0,25,0,0,0,0,0,17,0,0,0,68,82,58,22
0,Mateo Kovacic,90,19,90,84,70,90,22,10,47,90,90,90,90,90,90,90,25,68,0,70,17,0,0,66,16,90,90,90,0
0,Mathew Ryan,90,90,90,90,90,90,90,90,90,90,90,90,90,90,90,90,90,90,90,90,90,90,90,90,90,90,90,90,90
0,Matt Doherty,90,45,76,0,34,57,90,22,45,90,71,90,90,90,90,90,90,90,90,0,90,90,90,90,90,90,90,90,90
0,Matt Ritchie,90,90,90,0,0,0,0,0,0,0,0,0,0,0,0,0,0,0,0,0,0,0,75,90,90,15,19,90,62
0,Matt Targett,0,0,0,0,0,0,62,90,90,90,90,45,90,90,90,78,90,90,90,66,0,0,90,90,90,90,90,90,90
0,Matthew Longstaff,0,0,0,0,0,0,0,90,90,90,0,0,0,0,0,0,0,0,90,0,0,90,5,90,0,0,0,0,0
0,Matthew Lowton,90,90,90,90,90,90,90,90,90,90,90,0,0,0,0,90,0,0,0,0,0,90,0,90,90,0,0,0,0
0,Matty James,0,0,0,0,0,0,0,0,0,0,0,0,0,0,0,0,0,0,0,0,0,0,0,0,0,0,5,0,0
0,Mattéo Guendouzi,90,90,86,90,67,90,90,90,90,90,90,90,90,78,0,4,90,0,0,90,8,45,0,35,90,0,8,67,0
0,Max Aarons,90,90,90,90,0,0,90,90,90,90,90,90,90,90,90,90,90,90,90,90,90,90,90,90,90,90,90,90,90
0,Max Kilman,0,0,0,0,0,0,0,0,0,0,0,0,0,90,0,0,0,0,0,90,0,0,4,0,0,0,0,0,0
0,Max Meyer,90,65,0,0,0,0,1,0,0,0,16,0,0,0,0,0,23,4,75,84,60,68,0,28,10,22,0,0,0
0,Maya Yoshida,0,90,0,13,90,0,90,90,90,90,0,0,0,0,5,0,0,0,0,0,0,0,0,0,0,0,0,0,0
0,Mbwana Samatta,0,0,0,0,0,0,0,0,0,0,0,0,0,0,0,0,0,0,0,0,0,0,0,0,90,83,90,21,90
0,Mesut Özil,0,0,0,0,71,0,0,0,0,0,90,90,90,89,90,90,59,0,75,76,90,70,90,55,63,90,82,0,89
0,Michael Keane,90,90,90,90,90,90,90,90,90,90,0,1,0,90,90,90,90,18,0,90,0,90,0,0,17,90,0,90,90
0,Michael McGovern,0,0,0,0,0,0,68,90,0,0,0,0,0,0,0,0,0,0,0,0,0,0,0,0,0,0,0,0,0
0,Michael Obafemi,24,0,0,0,0,0,7,17,0,0,0,1,76,57,0,0,0,8,69,0,14,0,0,84,20,17,17,68,5
0,Michail Antonio,45,45,35,0,0,0,0,0,0,0,0,0,45,76,0,90,90,0,90,35,0,0,0,45,74,90,90,90,90
0,Michy Batshuayi,0,0,0,6,13,13,6,6,0,0,2,17,17,0,7,8,12,10,0,0,0,0,10,11,0,68,0,18,0
0,Miguel Almirón,90,90,90,90,67,73,74,90,70,90,90,90,79,90,88,85,0,90,63,90,90,90,90,90,90,90,71,90,90
0,Mohamed Salah,90,79,90,90,90,90,90,90,0,85,65,87,0,69,0,90,90,90,70,90,90,90,90,85,90,90,90,90,90
0,Moise Kean,21,18,28,76,19,90,16,16,4,0,0,0,0,12,30,0,18,10,13,61,24,0,74,71,25,0,8,8,32
0,Morgan Gibbs-White,0,0,67,0,20,0,33,0,0,0,0,0,0,0,0,0,0,0,0,0,0,0,0,3,0,0,0,0,0
0,Morgan Schneiderlin,76,0,90,0,90,55,81,84,0,0,0,90,56,12,18,90,0,0,0,0,0,0,0,90,23,90,59,0,0
0,Moritz Leitner,32,90,81,90,0,77,90,90,90,45,0,0,0,0,0,0,0,0,0,0,0,0,0,0,0,0,0,0,0
0,Moussa Djenepo,0,13,36,0,74,0,0,0,0,0,6,90,14,90,72,73,90,0,0,27,58,12,19,0,82,51,90,0,28
0,Moussa Sissoko,90,90,90,90,90,67,90,90,90,90,90,90,8,90,85,90,90,90,90,0,90,0,0,0,0,0,0,0,0
0,Muhamed Besic,0,0,0,0,0,0,0,0,0,9,0,0,0,0,0,25,4,8,0,75,12,20,14,78,0,0,0,0,0
0,N'Golo Kanté,17,90,0,0,0,90,0,90,0,0,0,90,90,27,90,90,90,90,90,90,90,0,90,69,90,12,0,0,0
0,Nabil Bentaleb,0,0,0,0,0,0,0,0,0,0,0,0,0,0,0,0,0,0,0,0,0,0,0,0,90,90,90,0,0
0,Naby Keïta,0,0,0,0,0,0,0,0,8,0,6,0,0,0,0,90,0,13,70,23,0,0,0,0,17,84,57,0,0
0,Nacho Monreal,90,90,90,0,0,0,0,0,0,0,0,0,0,0,0,0,0,0,0,0,0,0,0,0,0,0,0,0,0
0,Nampalys Mendy,0,0,1,0,0,0,0,0,0,0,0,0,0,0,0,0,0,0,0,70,0,0,90,34,0,0,0,0,7
0,Nathan Aké,90,90,90,90,90,90,90,90,90,90,90,90,90,90,90,35,0,0,0,0,0,90,90,90,90,90,0,90,90
0,Nathan Holland,0,0,0,0,0,0,0,0,0,0,0,0,0,0,19,12,0,0,0,0,0,0,0,0,0,0,0,0,0
0,Nathan Redmond,90,90,90,0,0,88,90,81,90,90,90,81,90,57,90,90,45,90,90,90,90,90,78,90,90,0,0,0,0
0,Nathaniel Chalobah,0,0,0,19,0,0,0,0,90,57,67,0,0,16,0,12,0,21,89,15,90,90,79,75,57,0,0,1,0
0,Neal Maupay,26,23,74,67,84,82,79,90,81,90,90,90,90,14,90,90,90,90,22,90,90,90,90,90,0,33,90,90,90
0,Neil Taylor,90,90,90,90,90,90,28,0,0,0,0,45,0,0,0,0,0,0,0,0,90,90,0,0,0,0,0,0,0
0,Nemanja Matic,0,0,0,22,67,71,0,0,0,0,0,0,0,0,0,0,0,0,0,90,81,90,90,90,0,90,90,90,90
0,Nick Pope,90,90,90,90,90,90,90,90,90,90,90,90,90,90,90,90,90,90,90,90,90,90,90,90,90,90,90,90,90
0,Nicolas Pépé,19,45,90,90,90,90,74,63,78,90,0,13,45,0,45,88,90,0,8,4,62,90,90,81,0,90,90,0,69
0,Nicolás Otamendi,0,90,90,90,90,63,90,90,0,0,1,0,0,0,90,31,90,90,90,0,0,27,0,90,90,90,32,0,90
0,Odion Ighalo,0,0,0,0,0,0,0,0,0,0,0,0,0,0,0,0,0,0,0,0,0,0,0,0,0,1,10,18,2
0,Oleksandr Zinchenko,90,90,90,90,90,0,90,45,0,0,0,0,0,0,0,0,5,0,0,90,0,0,0,90,60,0,0,0,77
0,Oliver McBurnie,27,34,36,63,65,83,90,62,5,0,15,0,22,17,90,7,29,63,63,15,24,84,90,90,90,90,90,80,90
0,Oliver Norwood,90,90,90,90,90,64,77,90,85,63,90,90,90,90,72,65,86,82,90,90,78,90,90,90,90,90,90,90,90
0,Oliver Skipp,1,1,0,0,0,0,0,0,0,0,0,0,0,0,0,10,0,0,0,0,0,0,0,0,0,0,0,0,45
0,Olivier Giroud,24,61,15,0,0,0,0,0,0,20,0,0,0,71,0,0,0,0,0,0,0,0,0,0,0,22,71,72,86
0,Ondrej Duda,0,0,0,0,0,0,0,0,0,0,0,0,0,0,0,0,0,0,0,0,0,0,78,90,90,90,59,87,87
0,Onel Hernández,20,0,0,0,0,0,0,0,9,45,90,90,90,90,90,72,5,3,15,90,12,25,0,8,4,0,0,0,0
0,Oriol Romeu,90,64,90,90,90,90,90,90,82,90,90,90,0,0,18,0,45,14,4,0,1,1,0,69,90,0,10,12,0
0,Oumar Niasse,0,0,0,0,0,0,0,0,0,0,0,0,0,0,0,0,1,0,0,0,0,0,16,2,0,0,0,0,0
0,Pablo Fornals,45,77,12,2,28,90,67,22,63,12,0,64,34,83,90,90,90,21,58,90,90,6,60,45,5,0,43,90,87
0,Pablo Marí,0,0,0,0,0,0,0,0,0,0,0,0,0,0,0,0,0,0,0,0,0,0,0,0,0,0,0,24,90
0,Pablo Zabaleta,0,0,0,0,21,10,0,6,0,90,72,0,0,0,0,0,0,0,90,0,0,90,90,90,0,30,0,0,0
0,Pascal Groß,90,67,12,16,90,81,90,90,90,66,59,31,0,90,80,68,90,45,90,0,0,28,9,60,90,61,0,0,0
0,Patrick Cutrone,14,1,0,68,45,14,10,68,62,0,0,1,0,0,6,5,0,1,0,0,0,0,0,0,0,0,0,0,0
0,Patrick Roberts,0,0,0,0,0,0,0,0,0,0,0,0,0,0,0,0,0,0,0,0,0,0,0,0,0,0,0,0,0
0,Patrick van Aanholt,90,90,90,90,90,90,90,90,90,90,90,90,90,90,29,0,0,90,65,0,0,0,0,0,90,90,90,90,90
0,Paul Dummett,90,90,90,90,90,90,90,0,0,0,3,70,63,90,90,90,90,90,0,0,0,13,0,0,0,0,0,0,0
0,Paul Pogba,90,90,90,90,0,0,90,0,0,0,0,0,0,0,0,0,0,26,45,0,0,0,0,0,0,0,0,0,0
0,Paulo Gazzaniga,0,0,0,0,0,90,0,82,90,90,90,90,90,90,90,90,90,90,90,90,90,90,90,0,0,0,0,90,0
0,Pedro,90,90,0,0,0,0,63,0,0,0,0,0,0,63,0,0,0,0,6,0,0,0,0,0,74,90,0,90,90
0,Pedro Neto,0,4,23,6,0,25,57,0,0,20,1,7,0,0,18,13,0,13,11,90,66,85,86,77,20,64,26,16,0
0,Pepe Reina,0,0,0,0,0,0,0,0,0,0,0,0,0,0,0,0,0,0,0,0,0,0,90,90,90,90,90,0,90
0,Phil Bardsley,0,0,0,0,0,0,0,0,0,0,0,90,90,90,90,0,90,90,90,90,90,0,90,0,0,90,90,90,90
0,Phil Foden,10,0,0,0,0,0,0,0,1,14,6,0,23,20,10,0,56,1,0,9,83,27,0,0,0,5,0,25,90
0,Phil Jagielka,0,1,0,0,0,26,0,0,0,0,11,0,90,0,0,0,0,0,0,0,0,0,0,0,0,0,0,0,0
0,Phil Jones,0,0,0,0,0,0,0,0,0,0,0,0,45,0,0,0,0,0,0,0,0,0,0,90,0,0,0,0,0
0,Philip Billing,90,45,90,90,90,90,89,90,90,90,90,90,45,0,82,58,90,86,20,90,0,31,90,90,90,90,90,90,90
0,Pierre-Emerick Aubameyang,90,90,90,90,90,90,90,90,90,90,90,90,90,90,90,90,90,78,90,90,90,67,0,0,90,90,90,90,90
0,Pierre-Emile Höjbjerg,17,90,90,90,90,90,90,90,90,90,90,0,90,90,90,90,90,90,90,90,90,90,90,90,90,90,90,90,90
0,Raheem Sterling,90,90,90,90,90,0,86,90,90,76,90,90,90,90,72,90,90,89,90,88,1,0,89,90,84,0,0,90,90
0,Ravel Morrison,0,0,12,0,0,0,0,0,0,0,0,0,0,0,0,0,0,0,0,0,0,0,0,0,0,0,0,0,0
0,Raúl Jiménez,90,90,90,90,70,76,80,90,90,90,90,90,90,90,84,85,90,90,90,18,90,90,90,90,90,90,72,90,90
0,Reece James,0,0,0,0,0,0,0,0,1,27,1,90,31,90,90,82,0,10,0,0,90,90,75,0,90,90,90,90,30
0,Reiss Nelson,71,45,0,0,19,0,16,0,0,0,0,0,0,0,0,2,0,90,82,86,28,1,0,0,0,0,0,23,21
0,Ricardo Pereira,90,90,90,90,90,90,90,90,90,90,90,90,90,90,90,90,90,90,90,0,90,90,90,90,90,90,90,90,90
0,Richarlison,90,63,78,90,81,90,90,90,90,90,90,89,90,90,90,71,90,90,86,90,90,90,0,0,90,90,90,90,90
0,Riyad Mahrez,90,10,11,90,17,90,90,60,0,0,0,0,90,69,18,25,20,90,45,90,90,90,17,90,72,0,90,65,31
0,Rob Holding,0,0,0,0,0,0,0,0,0,0,0,77,0,0,0,0,0,0,0,0,0,0,0,9,0,0,0,0,0
0,Robbie Brady,0,0,0,0,0,1,7,0,65,6,31,1,0,77,15,71,0,8,68,3,45,0,0,0,0,0,1,0,0
0,Robert Snodgrass,34,90,0,19,0,1,0,0,0,86,90,90,90,90,62,78,73,90,90,28,83,21,90,45,85,80,84,12,1
0,Roberto Firmino,86,90,86,85,53,90,87,78,90,90,90,79,89,76,17,90,88,90,90,86,90,90,83,90,90,90,90,79,90
0,Roberto Jimenez,0,0,0,0,0,0,56,90,90,90,90,90,90,0,0,0,0,0,90,0,0,0,0,0,0,0,0,0,0
0,Roberto Pereyra,45,90,0,90,27,57,45,90,84,90,90,31,0,0,0,77,0,13,45,0,1,8,11,81,75,82,69,53,74
0,Rodri,90,78,32,90,90,90,90,90,90,0,0,90,52,6,90,86,90,11,90,90,90,71,1,90,90,90,90,20,90
0,Romain Saïss,9,0,0,59,90,73,90,13,0,90,90,90,90,0,90,90,90,90,90,32,90,90,90,90,90,90,90,90,90
0,Ross Barkley,58,0,90,60,20,0,68,0,43,0,0,0,0,0,0,0,0,0,0,0,0,90,22,24,7,0,77,26,90
0,Rui Patrício,90,90,90,90,90,90,90,90,90,90,90,90,90,90,90,90,90,90,90,90,90,90,90,90,90,90,90,90,90
0,Ryan Bennett,0,0,0,0,0,0,0,0,0,0,0,0,0,0,0,0,0,0,0,0,0,0,0,0,0,0,0,0,0
0,Ryan Bennett (prior),0,0,0,0,0,0,0,0,0,0,0,0,0,0,0,0,0,0,0,0,0,0,0,0,0,0,0,0,0
0,Ryan Bertrand,90,77,0,0,0,45,90,90,90,12,0,0,90,90,90,90,90,90,90,90,90,90,90,90,90,90,90,90,90
0,Ryan Fraser,90,90,90,90,33,27,0,27,90,90,90,90,90,63,26,90,90,90,90,28,45,90,90,90,90,84,20,90,90
0,Ryan Fredericks,90,90,90,90,90,80,90,90,90,0,18,90,90,90,90,90,90,0,0,90,90,0,0,0,90,60,0,0,0
0,Ryan Sessegnon,0,0,0,0,0,0,0,0,0,0,1,0,0,0,0,15,0,0,56,90,90,0,0,90,0,0,0,0,0
0,Rúben Neves,81,90,90,84,90,33,3,90,45,90,90,86,90,90,90,90,90,90,90,58,36,90,90,90,90,81,90,90,64
0,Rúben Vinagre,0,0,0,90,0,0,0,74,0,6,19,0,1,0,0,1,0,0,17,90,36,5,0,0,0,0,10,90,90
0,Sadio Mané,16,90,77,85,90,71,90,90,90,90,90,90,90,90,90,0,90,0,90,90,78,81,83,33,0,30,90,90,90
0,Sam Byram,0,1,0,0,90,90,0,0,0,24,0,0,90,90,90,72,90,90,90,0,90,90,90,90,90,27,0,0,0
0,Sam Surridge,0,0,0,0,0,0,0,0,0,0,0,0,0,0,0,0,0,0,0,0,0,15,0,0,0,0,0,0,0
0,Sander Berge,0,0,0,0,0,0,0,0,0,0,0,0,0,0,0,0,0,0,0,0,0,0,0,0,68,61,81,69,1
0,Scott Dann,90,90,0,0,0,0,0,0,5,0,0,0,0,59,0,0,90,0,0,0,0,0,0,0,0,29,90,90,90
0,Scott McTominay,90,90,85,82,90,90,90,90,90,90,90,90,0,0,90,90,90,72,45,0,0,0,0,0,0,0,11,72,12
0,Sead Kolasinac,0,19,0,90,90,90,90,90,90,15,3,90,0,90,72,61,40,0,0,0,69,90,0,0,0,0,18,0,0
0,Seamus Coleman,90,90,90,90,90,71,90,56,0,0,0,0,24,0,0,0,90,0,90,20,59,16,90,19,0,90,0,28,0
0,Sean Longstaff,67,16,90,90,0,0,90,90,90,82,0,0,0,0,0,5,90,26,90,5,45,90,19,90,33,90,90,0,11
0,Sebastian Prodl,0,0,0,0,0,0,0,57,0,0,0,0,0,0,0,0,0,0,0,0,0,0,0,0,0,0,0,0,0
0,Serge Aurier,0,0,0,0,90,90,31,0,90,84,88,86,90,90,90,80,90,90,90,90,90,90,90,90,90,90,12,82,12
0,Sergio Agüero,21,66,90,90,90,90,24,90,0,14,90,71,77,0,0,0,0,1,14,81,0,90,90,23,64,90,77,10,59
0,Shane Duffy,90,90,90,0,90,0,0,0,20,0,54,90,90,0,2,0,5,0,90,90,0,90,0,0,0,90,90,0,0
0,Shane Long,0,0,0,28,1,0,2,73,0,0,0,0,17,33,85,90,84,82,0,0,32,78,71,70,70,86,73,90,77
0,Shkodran Mustafi,0,0,0,0,0,0,0,0,0,0,0,0,0,90,0,0,0,0,13,67,0,0,90,90,90,90,90,90,0
0,Simon Francis,0,0,0,0,0,0,1,11,0,0,0,24,37,0,26,90,90,90,0,0,90,90,56,90,90,90,90,0,0
0,Simon Moore,0,0,0,0,0,0,0,0,0,0,0,0,90,0,0,0,0,0,0,0,0,0,0,0,0,0,0,0,0
0,Sofiane Boufal,17,0,10,71,85,90,88,9,14,0,0,45,4,33,0,17,0,0,10,68,0,0,12,0,8,39,0,54,85
0,Sokratis,90,90,90,90,90,90,90,90,90,90,90,0,90,0,90,90,90,0,77,0,90,90,0,0,0,0,0,0,90
0,Solly March,90,90,68,90,90,0,0,0,45,0,0,45,83,0,0,0,0,0,0,0,0,0,0,30,18,90,0,66,80
0,Steve Cook,90,90,90,90,90,90,90,90,90,90,90,90,90,90,0,0,0,0,90,90,90,90,31,0,0,0,90,90,19
0,Steven Alzate,0,0,0,0,0,90,90,88,9,90,90,90,0,21,88,90,6,0,90,6,90,28,90,90,0,29,0,8,0
0,Steven Bergwijn,0,0,0,0,0,0,0,0,0,0,0,0,0,0,0,0,0,0,0,0,0,0,0,0,70,90,78,90,90
0,Stuart Armstrong,0,22,6,19,5,2,11,0,0,20,90,90,86,0,0,0,6,76,86,22,90,78,71,90,0,90,90,90,0
0,Sébastien Haller,90,0,90,90,90,90,90,90,90,90,90,90,90,14,80,20,79,90,75,55,90,90,90,90,90,0,25,90,90
0,Tahith Chong,0,0,0,0,20,0,0,4,0,0,0,0,0,0,0,0,0,0,0,0,0,0,0,0,0,0,10,0,0
0,Takumi Minamino,0,0,0,0,0,0,0,0,0,0,0,0,0,0,0,0,0,0,0,0,0,0,0,57,9,0,0,11,0
0,Tammy Abraham,66,29,75,84,77,77,84,84,90,70,88,73,73,0,83,90,90,80,90,90,90,90,80,90,83,0,19,0,0
0,Tanguy Ndombélé,90,90,0,0,23,86,78,45,20,27,73,45,0,74,20,0,0,16,0,90,25,0,0,0,20,0,63,14,45
0,Tariq Lamptey,0,0,0,0,0,0,0,0,0,0,0,0,0,0,0,0,0,0,0,0,0,0,0,0,0,0,0,0,0
0,Tariq Lamptey (Prior),0,0,0,0,0,0,0,0,0,0,0,0,0,0,0,0,0,0,0,0,0,0,0,0,0,0,0,0,0
0,Teemu Pukki,83,90,90,90,90,90,90,84,90,90,90,90,90,90,90,90,90,90,90,90,83,0,85,90,90,90,90,81,90
0,Theo Walcott,0,27,12,0,9,19,7,0,86,72,68,74,66,0,0,86,0,0,1,70,31,74,57,88,90,26,0,63,45
0,Tim Krul,90,90,90,90,90,90,0,0,90,90,90,90,90,90,90,90,90,90,90,90,90,90,90,90,90,90,90,90,90
0,Toby Alderweireld,90,90,90,90,90,90,90,90,90,90,90,0,90,90,90,90,90,90,90,90,90,90,90,90,90,90,78,0,90
0,Todd Cantwell,90,90,90,78,90,90,81,80,81,45,6,28,80,83,83,18,85,86,90,4,78,90,90,90,67,90,84,68,45
0,Tom Cleverley,0,11,86,90,90,90,90,90,90,10,0,0,0,0,0,0,0,0,0,0,0,0,0,0,0,0,10,0,0
0,Tom Davies,11,0,0,0,0,0,9,0,90,90,83,90,90,90,72,19,90,90,4,90,90,90,90,7,0,25,0,90,58
0,Tom Heaton,90,90,90,90,90,90,90,90,90,90,90,0,90,90,90,90,90,90,90,90,85,0,0,0,0,0,0,0,0
0,Tom Trybull,70,87,81,90,0,0,0,0,40,0,84,90,90,90,45,0,85,86,75,15,0,0,0,0,0,0,0,0,0
0,Tomas Soucek,0,0,0,0,0,0,0,0,0,0,0,0,0,0,0,0,0,0,0,0,0,0,0,0,85,90,47,0,9
0,Trent Alexander-Arnold,90,90,90,90,90,90,90,90,90,90,90,90,90,90,83,50,90,77,90,90,90,90,90,90,90,90,90,90,90
0,Trezeguet,59,87,86,54,0,68,20,26,27,90,90,90,0,72,76,31,10,22,84,0,78,19,67,77,10,20,62,21,0
0,Troy Deeney,90,90,0,0,0,0,0,0,0,0,0,0,34,0,87,90,75,90,80,90,90,90,90,90,90,90,76,90,74
0,Troy Parrott,0,0,0,0,0,0,0,0,0,0,0,0,0,0,0,5,0,0,0,0,0,0,0,0,0,0,0,1,0
0,Tyrone Mings,90,90,90,90,90,90,90,90,90,90,90,90,90,90,90,23,0,0,0,0,90,90,90,90,90,0,90,90,90
0,Valentino Lazaro,0,0,0,0,0,0,0,0,0,0,0,0,0,0,0,0,0,0,0,0,0,0,0,0,36,74,90,0,18
0,Vicente Guaita,90,90,90,90,90,90,90,90,0,0,90,90,90,90,90,90,90,90,90,90,90,90,90,90,90,90,90,90,90
0,Victor Camarasa,0,0,0,0,5,0,0,0,0,0,0,0,0,0,0,0,0,0,0,0,0,0,0,0,0,0,0,0,0
0,Victor Lindelöf,90,90,90,90,90,90,90,0,90,90,90,90,90,90,90,90,90,90,90,90,90,90,90,0,90,0,90,90,90
0,Virgil van Dijk,90,90,90,90,90,90,90,90,90,90,90,90,90,90,90,90,90,90,90,90,90,90,90,90,90,90,90,90,90
0,Wayne Hennessey,0,0,0,0,0,0,0,0,90,90,0,0,0,0,0,0,0,0,0,0,0,0,0,0,0,0,0,0,0
0,Wes Morgan,0,0,12,0,0,0,0,0,11,0,5,0,28,0,0,0,0,0,0,90,6,0,0,7,0,1,0,0,0
0,Wesley,74,90,90,85,90,90,88,90,76,71,86,90,90,90,90,90,69,90,90,90,71,0,0,0,0,0,0,0,0
0,Wilfred Ndidi,90,90,0,90,90,90,90,90,90,90,90,90,90,90,90,90,90,90,90,20,90,0,0,56,0,0,0,23,83
0,Wilfried Zaha,25,90,90,90,90,90,90,90,90,90,90,90,90,90,90,90,90,90,90,90,90,90,90,90,90,90,90,90,90
0,Will Hughes,90,67,74,71,63,59,0,0,6,80,23,90,67,74,83,0,90,90,90,45,0,0,0,0,0,90,90,90,84
0,Willian,0,19,6,30,90,90,90,90,90,72,90,90,90,27,90,71,65,90,84,90,90,90,90,79,16,90,13,26,71
0,Willy Boly,90,90,90,90,0,90,90,90,90,0,0,0,0,0,0,0,0,0,0,0,0,0,0,0,90,90,90,90,90
0,Willy Caballero,0,0,0,0,0,0,0,0,0,0,0,0,0,0,0,0,0,0,0,0,0,0,0,0,90,90,90,90,0
0,Xherdan Shaqiri,0,0,0,5,6,0,0,0,0,0,0,0,0,0,90,3,70,0,0,0,0,1,0,0,0,0,0,0,0
0,Yan Valery,90,90,54,0,0,0,0,90,76,70,75,0,0,14,0,0,0,0,0,0,0,0,0,0,0,0,0,0,90
0,Yerry Mina,90,90,90,90,90,90,90,90,90,0,90,90,90,90,90,0,90,90,90,10,90,5,90,90,90,90,90,0,0
0,Yoshinori Muto,0,23,2,8,23,0,45,0,0,0,0,0,0,0,0,0,10,0,0,0,90,0,0,0,0,0,0,0,0
0,Youri Tielemans,90,90,89,90,90,84,90,90,90,90,90,90,90,90,69,90,90,77,90,0,90,13,16,90,80,75,90,17,14
0,Yves Bissouma,0,0,0,0,0,8,45,10,0,0,0,0,13,69,0,0,85,34,7,89,45,0,0,0,0,0,90,82,90
0,Étienne Capoue,90,83,90,0,90,90,90,0,0,0,0,90,90,90,90,90,90,77,90,90,90,90,90,90,90,90,90,90,90
0,Örjan Nyland,0,0,0,0,0,0,0,0,0,0,0,82,0,0,0,0,0,0,0,0,5,90,0,0,0,0,0,90,0
